,index,Subject,Region,Session,run,Electrode,X,Y,Z,combined,Norm,Diff_Norm,ind,ind_2,ind_3,ind_4,ind_5
0,0,sub-001,rOTC,ses-0,baseline,Anode,74.08,-61.42,3.59,"[74.08, -61.42, 3.59]",96.2972008938993,0.0,sub-001_P1_ses-0_baseline_Anode,sub-001_P1_ses-0,sub-001_baseline,sub-001_ses-0_baseline,sub-001_ses-0_baseline
4,4,sub-001,rOTC,ses-1,pre fMRI,Anode,73.83936433587223,-61.13136930670589,4.226505160331726,"[73.84, -61.13, 4.23]",95.95371488379176,0.7424957912338613,sub-001_P1_ses-1_run-01_Anode,sub-001_P1_ses-1,sub-001_run-01,sub-001_ses-1_run-01,sub-001_ses-1_run-01
8,8,sub-001,rOTC,ses-1,post fMRI,Anode,72.88644350320101,-61.82363610668108,3.200480841100216,"[72.89, -61.82, 3.2]",95.6289940342363,1.3146102083887805,sub-001_P1_ses-1_run-02_Anode,sub-001_P1_ses-1,sub-001_run-02,sub-001_ses-1_run-02,sub-001_ses-1_run-02
12,12,sub-001,rOTC,ses-2,pre fMRI,Anode,73.4708900032565,-57.50948972906917,-4.229678601026535,"[73.47, -57.51, -4.23]",93.39771892289447,8.76427977645625,sub-001_P1_ses-2_run-01_Anode,sub-001_P1_ses-2,sub-001_run-01,sub-001_ses-2_run-01,sub-001_ses-2_run-01
16,16,sub-001,rOTC,ses-2,post fMRI,Anode,73.41698721982539,-58.20749945845455,-5.297336980700493,"[73.42, -58.21, -5.3]",93.84556729009634,9.474798150884272,sub-001_P1_ses-2_run-02_Anode,sub-001_P1_ses-2,sub-001_run-02,sub-001_ses-2_run-02,sub-001_ses-2_run-02
20,20,sub-001,rOTC,ses-3,pre fMRI,Anode,70.76793908793479,-63.16422606306151,-3.449726350605488,"[70.77, -63.16, -3.45]",94.91828590951272,7.971530593305152,sub-001_P1_ses-3_run-01_Anode,sub-001_P1_ses-3,sub-001_run-01,sub-001_ses-3_run-01,sub-001_ses-3_run-01
24,24,sub-001,rOTC,ses-3,post fMRI,Anode,71.61305435374379,-63.86797872185707,-4.559018790721893,"[71.61, -63.87, -4.56]",96.06332598864147,8.86148407435233,sub-001_P1_ses-3_run-02_Anode,sub-001_P1_ses-3,sub-001_run-02,sub-001_ses-3_run-02,sub-001_ses-3_run-02
28,28,sub-001,rOTC,ses-4,pre fMRI,Anode,73.04520346969366,-62.5655894796364,6.7309810146689415,"[73.05, -62.57, 6.73]",96.41887937535886,3.4989998571020267,sub-001_P1_ses-4_run-01_Anode,sub-001_P1_ses-4,sub-001_run-01,sub-001_ses-4_run-01,sub-001_ses-4_run-01
32,32,sub-001,rOTC,ses-4,post fMRI,Anode,71.72085992060602,-62.47195926308632,-2.4237020313739777,"[71.72, -62.47, -2.42]",95.1426071747038,6.541574733961235,sub-001_P1_ses-4_run-02_Anode,sub-001_P1_ses-4,sub-001_run-02,sub-001_ses-4_run-02,sub-001_ses-4_run-02
72,72,sub-003,lTPC,ses-0,baseline,Anode,-65.26,-57.79,51.19,"[-65.26, -57.79, 51.19]",101.08891037101944,0.0,sub-003_P3_ses-0_baseline_Anode,sub-003_P3_ses-0,sub-003_baseline,sub-003_ses-0_baseline,sub-003_ses-0_baseline
76,76,sub-003,lTPC,ses-1,pre fMRI,Anode,-66.11238058598246,-51.12745054811239,46.86384609621018,"[-66.11, -51.13, 46.86]",95.8158055855087,7.989180183222802,sub-003_P3_ses-1_run-01_Anode,sub-003_P3_ses-1,sub-003_run-01,sub-003_ses-1_run-01,sub-003_ses-1_run-01
80,80,sub-003,lTPC,ses-1,post fMRI,Anode,-65.13641086267307,-56.08192725479603,48.60192851163447,"[-65.14, -56.08, 48.6]",98.74282758762786,3.105897615827023,sub-003_P3_ses-1_run-02_Anode,sub-003_P3_ses-1,sub-003_run-02,sub-003_ses-1_run-02,sub-003_ses-1_run-02
84,84,sub-003,lTPC,ses-2,pre fMRI,Anode,-66.1633629136486,-48.32411154359579,51.13221153896302,"[-66.16, -48.32, 51.13]",96.57248521188632,9.512859717245911,sub-003_P3_ses-2_run-01_Anode,sub-003_P3_ses-2,sub-003_run-01,sub-003_ses-2_run-01,sub-003_ses-2_run-01
88,88,sub-003,lTPC,ses-2,post fMRI,Anode,-65.27622260269709,-47.60901446640492,52.20068425871432,"[-65.28, -47.61, 52.2]",96.1926738374602,10.23,sub-003_P3_ses-2_run-02_Anode,sub-003_P3_ses-2,sub-003_run-02,sub-003_ses-2_run-02,sub-003_ses-2_run-02
92,92,sub-003,lTPC,ses-3,pre fMRI,Anode,-64.35895765759051,-48.84479887038469,53.78703345451504,"[-64.36, -48.84, 53.79]",97.06142024512108,9.363359439859176,sub-003_P3_ses-3_run-01_Anode,sub-003_P3_ses-3,sub-003_run-01,sub-003_ses-3_run-01,sub-003_ses-3_run-01
96,96,sub-003,lTPC,ses-3,post fMRI,Anode,-64.33037751354277,-50.612609691917896,53.42089019808918,"[-64.33, -50.61, 53.42]",97.74158480401267,7.5756319868377995,sub-003_P3_ses-3_run-02_Anode,sub-003_P3_ses-3,sub-003_run-02,sub-003_ses-3_run-02,sub-003_ses-3_run-02
100,100,sub-003,lTPC,ses-4,pre fMRI,Anode,-65.25227592897136,-48.82761330902576,49.18248180486262,"[-65.25, -48.83, 49.18]",95.18720397196253,9.182690237615553,sub-003_P3_ses-4_run-01_Anode,sub-003_P3_ses-4,sub-003_run-01,sub-003_ses-4_run-01,sub-003_ses-4_run-01
104,104,sub-003,lTPC,ses-4,post fMRI,Anode,-65.22215129481629,-50.77849479019642,49.70035828091204,"[-65.22, -50.78, 49.7]",96.44867443360742,7.166714728521009,sub-003_P3_ses-4_run-02_Anode,sub-003_P3_ses-4,sub-003_run-02,sub-003_ses-4_run-02,sub-003_ses-4_run-02
108,108,sub-004,lTPC,ses-0,baseline,Anode,77.21,-57.81,-6.91,"[77.21, -57.81, -6.91]",96.70123215347363,0.0,sub-004_P3_ses-0_baseline_Anode,sub-004_P3_ses-0,sub-004_baseline,sub-004_ses-0_baseline,sub-004_ses-0_baseline
112,112,sub-004,lTPC,ses-1,pre fMRI,Anode,77.50372486654669,-54.765694703906775,0.9265938635217026,"[77.5, -54.77, 0.93]",94.90451938659191,8.413756592628527,sub-004_P3_ses-1_run-01_Anode,sub-004_P3_ses-1,sub-004_run-01,sub-004_ses-1_run-01,sub-004_ses-1_run-01
116,116,sub-004,lTPC,ses-1,post fMRI,Anode,77.51127597643062,-55.791291650384665,-0.8121225301874802,"[77.51, -55.79, -0.81]",95.50382348367002,6.4327599053594415,sub-004_P3_ses-1_run-02_Anode,sub-004_P3_ses-1,sub-004_run-02,sub-004_ses-1_run-02,sub-004_ses-1_run-02
120,120,sub-004,lTPC,ses-2,pre fMRI,Anode,76.58626148151234,-55.65089622139931,-11.68000290542841,"[76.59, -55.65, -11.68]",95.39063371212082,5.272845531589182,sub-004_P3_ses-2_run-01_Anode,sub-004_P3_ses-2,sub-004_run-01,sub-004_ses-2_run-01,sub-004_ses-2_run-01
124,124,sub-004,lTPC,ses-2,post fMRI,Anode,79.01204638835043,-28.629755098372694,-0.8898689789930359,"[79.01, -28.63, -0.89]",84.04194845432845,29.84883247297958,sub-004_P3_ses-2_run-02_Anode,sub-004_P3_ses-2,sub-004_run-02,sub-004_ses-2_run-02,sub-004_ses-2_run-02
128,128,sub-004,lTPC,ses-3,pre fMRI,Anode,76.56740496889688,-53.78726424276829,-10.904399134218693,"[76.57, -53.79, -10.9]",94.20795613959577,5.700008771923077,sub-004_P3_ses-3_run-01_Anode,sub-004_P3_ses-3,sub-004_run-01,sub-004_ses-3_run-01,sub-004_ses-3_run-01
132,132,sub-004,lTPC,ses-3,post fMRI,Anode,78.08319255220704,-25.87548003345728,-0.1748295181896537,"[78.08, -25.88, -0.17]",82.25745984407736,32.64520485461839,sub-004_P3_ses-3_run-02_Anode,sub-004_P3_ses-3,sub-004_run-02,sub-004_ses-3_run-02,sub-004_ses-3_run-02
136,136,sub-004,lTPC,ses-4,pre fMRI,Anode,77.47610833728686,-53.33970719203353,-4.602070069755428,"[77.48, -53.34, -4.6]",94.17784240467606,5.038839152026982,sub-004_P3_ses-4_run-01_Anode,sub-004_P3_ses-4,sub-004_run-01,sub-004_ses-4_run-01,sub-004_ses-4_run-01
140,140,sub-004,lTPC,ses-4,post fMRI,Anode,77.46605436550453,-52.43915152177215,-4.664573020185344,"[77.47, -52.44, -4.66]",93.66573599774893,5.828121481232187,sub-004_P3_ses-4_run-02_Anode,sub-004_P3_ses-4,sub-004_run-02,sub-004_ses-4_run-02,sub-004_ses-4_run-02
144,144,sub-005,rDLPFC,ses-0,baseline,Anode,51.83,17.58,66.6,"[51.83, 17.58, 66.6]",86.20304692990845,0.0,sub-005_P7_ses-0_baseline_Anode,sub-005_P7_ses-0,sub-005_baseline,sub-005_ses-0_baseline,sub-005_ses-0_baseline
148,148,sub-005,rDLPFC,ses-1,pre fMRI,Anode,58.29002816416323,12.25733440555632,59.612892287783325,"[58.29, 12.26, 59.61]",84.26970867399507,10.903857115718269,sub-005_P7_ses-1_run-01_Anode,sub-005_P7_ses-1,sub-005_run-01,sub-005_ses-1_run-01,sub-005_ses-1_run-01
152,152,sub-005,rDLPFC,ses-1,post fMRI,Anode,57.40669787116349,13.171888150274754,59.70414536073804,"[57.41, 13.17, 59.7]",83.86564850998292,9.909313800662478,sub-005_P7_ses-1_run-02_Anode,sub-005_P7_ses-1,sub-005_run-02,sub-005_ses-1_run-02,sub-005_ses-1_run-02
156,156,sub-005,rDLPFC,ses-2,pre fMRI,Anode,53.90469363052398,14.644740752875803,64.41178888827562,"[53.9, 14.64, 64.41]",85.25366678331203,4.210059382004009,sub-005_P7_ses-2_run-01_Anode,sub-005_P7_ses-2,sub-005_run-01,sub-005_ses-2_run-01,sub-005_ses-2_run-01
160,160,sub-005,rDLPFC,ses-2,post fMRI,Anode,53.90109922364354,13.668070659041405,65.23405332863331,"[53.9, 13.67, 65.23]",85.71482835542518,4.63140367491325,sub-005_P7_ses-2_run-02_Anode,sub-005_P7_ses-2,sub-005_run-02,sub-005_ses-2_run-02,sub-005_ses-2_run-02
164,164,sub-005,rDLPFC,ses-3,pre fMRI,Anode,60.87789482902736,6.893025808036327,58.208456583321095,"[60.88, 6.89, 58.21]",84.5118370407365,16.326992987075112,sub-005_P7_ses-3_run-01_Anode,sub-005_P7_ses-3,sub-005_run-01,sub-005_ses-3_run-01,sub-005_ses-3_run-01
168,168,sub-005,rDLPFC,ses-3,post fMRI,Anode,59.99097012914717,6.83090945892036,59.12197409663349,"[59.99, 6.83, 59.12]",84.5022094385703,15.4304406936419,sub-005_P7_ses-3_run-02_Anode,sub-005_P7_ses-3,sub-005_run-02,sub-005_ses-3_run-02,sub-005_ses-3_run-02
172,172,sub-005,rDLPFC,ses-4,pre fMRI,Anode,55.61128203012049,7.187634889036417,66.46476702950895,"[55.61, 7.19, 66.46]",86.95458469799047,11.057128922102697,sub-005_P7_ses-4_run-01_Anode,sub-005_P7_ses-4,sub-005_run-01,sub-005_ses-4_run-01,sub-005_ses-4_run-01
176,176,sub-005,rDLPFC,ses-4,post fMRI,Anode,54.691498019732535,5.326859811320901,67.22407852020115,"[54.69, 5.33, 67.22]",86.82127273888582,12.594701266802636,sub-005_P7_ses-4_run-02_Anode,sub-005_P7_ses-4,sub-005_run-02,sub-005_ses-4_run-02,sub-005_ses-4_run-02
180,180,sub-006,rOTC,ses-0,baseline,Anode,72.14,-66.0,16.79,"[72.14, -66.0, 16.79]",99.20727644684133,0.0,sub-006_P1_ses-0_baseline_Anode,sub-006_P1_ses-0,sub-006_baseline,sub-006_ses-0_baseline,sub-006_ses-0_baseline
184,184,sub-006,rOTC,ses-1,pre fMRI,Anode,68.62696933560073,-68.11297466605902,1.601197928190231,"[68.63, -68.11, 1.6]",96.70371761209597,15.732396511657084,sub-006_P1_ses-1_run-01_Anode,sub-006_P1_ses-1,sub-006_run-01,sub-006_ses-1_run-01,sub-006_ses-1_run-01
188,188,sub-006,rOTC,ses-1,post fMRI,Anode,68.63396642170846,-67.26815574243665,0.6439892910420895,"[68.63, -67.27, 0.64]",96.10275438300403,16.57575036008928,sub-006_P1_ses-1_run-02_Anode,sub-006_P1_ses-1,sub-006_run-02,sub-006_ses-1_run-02,sub-006_ses-1_run-02
192,192,sub-006,rOTC,ses-2,pre fMRI,Anode,70.27385195344687,-65.14806319400668,5.081468213349581,"[70.27, -65.15, 5.08]",95.95937577954538,11.88879724782957,sub-006_P1_ses-2_run-01_Anode,sub-006_P1_ses-2,sub-006_run-01,sub-006_ses-2_run-01,sub-006_ses-2_run-01
196,196,sub-006,rOTC,ses-2,post fMRI,Anode,70.2985785100609,-65.20407751947641,4.180768955498934,"[70.3, -65.2, 4.18]",95.97188338258242,12.768621695390618,sub-006_P1_ses-2_run-02_Anode,sub-006_P1_ses-2,sub-006_run-02,sub-006_ses-2_run-02,sub-006_ses-2_run-02
200,200,sub-006,rOTC,ses-3,pre fMRI,Anode,71.12015216983855,-62.42638623528183,4.935440771281719,"[71.12, -62.43, 4.94]",94.76266617186327,12.41804332413122,sub-006_P1_ses-3_run-01_Anode,sub-006_P1_ses-3,sub-006_run-01,sub-006_ses-3_run-01,sub-006_ses-3_run-01
204,204,sub-006,rOTC,ses-3,post fMRI,Anode,71.10615799762309,-64.11602408252656,6.849858045578003,"[71.11, -64.12, 6.85]",95.9944217129308,10.168524966778612,sub-006_P1_ses-3_run-02_Anode,sub-006_P1_ses-3,sub-006_run-02,sub-006_ses-3_run-02,sub-006_ses-3_run-02
208,208,sub-006,rOTC,ses-4,pre fMRI,Anode,71.08143144100904,-64.06000975705683,7.75055730342865,"[71.08, -64.06, 7.75]",96.00058593571187,9.306384904999362,sub-006_P1_ses-4_run-01_Anode,sub-006_P1_ses-4,sub-006_run-01,sub-006_ses-4_run-01,sub-006_ses-4_run-01
212,212,sub-006,rOTC,ses-4,post fMRI,Anode,70.26685486733913,-65.99288211762905,6.038676850497723,"[70.27, -65.99, 6.04]",96.58692768692873,10.911438951852318,sub-006_P1_ses-4_run-02_Anode,sub-006_P1_ses-4,sub-006_run-02,sub-006_ses-4_run-02,sub-006_ses-4_run-02
248,248,sub-010,rDLPFC,ses-0,baseline,Anode,51.88,28.06,61.78,"[51.88, 28.06, 61.78]",85.41467321251073,0.0,sub-010_P7_ses-0_baseline_Anode,sub-010_P7_ses-0,sub-010_baseline,sub-010_ses-0_baseline,sub-010_ses-0_baseline
252,252,sub-010,rDLPFC,ses-1,pre fMRI,Anode,60.74207271263003,16.21273873746395,54.38060942292213,"[60.74, 16.21, 54.38]",83.12217574149513,16.543340049699758,sub-010_P7_ses-1_run-01_Anode,sub-010_P7_ses-1,sub-010_run-01,sub-010_ses-1_run-01,sub-010_ses-1_run-01
256,256,sub-010,rDLPFC,ses-1,post fMRI,Anode,59.85351413488388,17.172229509800673,55.23492635786533,"[59.85, 17.17, 55.23]",83.229708037455,15.000516657768824,sub-010_P7_ses-1_run-02_Anode,sub-010_P7_ses-1,sub-010_run-02,sub-010_ses-1_run-02,sub-010_ses-1_run-02
260,260,sub-010,rDLPFC,ses-2,pre fMRI,Anode,55.354439698159695,21.86496559530497,58.61159497499466,"[55.35, 21.86, 58.61]",83.52612884600842,7.780089973772797,sub-010_P7_ses-2_run-01_Anode,sub-010_P7_ses-2,sub-010_run-01,sub-010_ses-2_run-01,sub-010_ses-2_run-01
264,264,sub-010,rDLPFC,ses-2,post fMRI,Anode,56.39499759674072,19.21870883926749,58.85580307245255,"[56.39, 19.22, 58.86]",83.7480752017621,10.344665291830374,sub-010_P7_ses-2_run-02_Anode,sub-010_P7_ses-2,sub-010_run-02,sub-010_ses-2_run-02,sub-010_ses-2_run-02
268,268,sub-010,rDLPFC,ses-3,pre fMRI,Anode,53.96202427148819,28.780496198683977,56.0685323253274,"[53.96, 28.78, 56.07]",82.96875857815398,6.119550637097467,sub-010_P7_ses-3_run-01_Anode,sub-010_P7_ses-3,sub-010_run-01,sub-010_ses-3_run-01,sub-010_ses-3_run-01
272,272,sub-010,rDLPFC,ses-3,post fMRI,Anode,53.32960544899106,27.262196883559227,59.01809483766556,"[53.33, 27.26, 59.02]",84.08660357036666,3.218710922092876,sub-010_P7_ses-3_run-02_Anode,sub-010_P7_ses-3,sub-010_run-02,sub-010_ses-3_run-02,sub-010_ses-3_run-02
276,276,sub-010,rDLPFC,ses-4,pre fMRI,Anode,56.9316986463964,22.52849191427231,55.70263158529997,"[56.93, 22.53, 55.7]",82.77146730607112,9.646232425149206,sub-010_P7_ses-4_run-01_Anode,sub-010_P7_ses-4,sub-010_run-01,sub-010_ses-4_run-01,sub-010_ses-4_run-01
280,280,sub-010,rDLPFC,ses-4,post fMRI,Anode,56.9316986463964,22.52849191427231,55.70263158529997,"[56.93, 22.53, 55.7]",82.77146730607112,9.646232425149206,sub-010_P7_ses-4_run-02_Anode,sub-010_P7_ses-4,sub-010_run-02,sub-010_ses-4_run-02,sub-010_ses-4_run-02
284,284,sub-011,rDLPFC,ses-0,baseline,Anode,48.1,30.73,58.06,"[48.1, 30.73, 58.06]",81.41809688269555,0.0,sub-011_P7_ses-0_baseline_Anode,sub-011_P7_ses-0,sub-011_baseline,sub-011_ses-0_baseline,sub-011_ses-0_baseline
288,288,sub-011,rDLPFC,ses-1,pre fMRI,Anode,48.70915841590613,29.52819664217532,55.85966227785684,"[48.71, 29.53, 55.86]",79.78110427914619,2.579166532040925,sub-011_P7_ses-1_run-01_Anode,sub-011_P7_ses-1,sub-011_run-01,sub-011_ses-1_run-01,sub-011_ses-1_run-01
292,292,sub-011,rDLPFC,ses-1,post fMRI,Anode,48.68642945308238,28.62759734131396,55.91807777271606,"[48.69, 28.63, 55.92]",79.48232130480336,3.055765043323849,sub-011_P7_ses-1_run-02_Anode,sub-011_P7_ses-1,sub-011_run-02,sub-011_ses-1_run-02,sub-011_ses-1_run-02
296,296,sub-011,rDLPFC,ses-2,pre fMRI,Anode,50.3949314551428,24.97955933026969,56.14822731236927,"[50.39, 24.98, 56.15]",79.47310865947047,6.477244784628724,sub-011_P7_ses-2_run-01_Anode,sub-011_P7_ses-2,sub-011_run-01,sub-011_ses-2_run-01,sub-011_ses-2_run-01
300,300,sub-011,rDLPFC,ses-2,post fMRI,Anode,51.291401808615774,24.89838666841388,55.24558670260012,"[51.29, 24.9, 55.25]",79.3929253775171,7.215337829928687,sub-011_P7_ses-2_run-02_Anode,sub-011_P7_ses-2,sub-011_run-02,sub-011_ses-2_run-02,sub-011_ses-2_run-02
304,304,sub-011,rDLPFC,ses-3,pre fMRI,Anode,51.47329246159643,32.59531456977129,48.41365651972592,"[51.47, 32.6, 48.41]",77.8167655457357,10.391164516068452,sub-011_P7_ses-3_run-01_Anode,sub-011_P7_ses-3,sub-011_run-01,sub-011_ses-3_run-01,sub-011_ses-3_run-01
308,308,sub-011,rDLPFC,ses-3,post fMRI,Anode,52.31129164621234,29.987400779500604,50.38891556416638,"[52.31, 29.99, 50.39]",78.58045749421417,8.780694733334034,sub-011_P7_ses-3_run-02_Anode,sub-011_P7_ses-3,sub-011_run-02,sub-011_ses-3_run-02,sub-011_ses-3_run-02
312,312,sub-011,rDLPFC,ses-4,pre fMRI,Anode,40.6831445870921,32.00159694254398,62.96571238618344,"[40.68, 32.0, 62.97]",81.51124646329487,8.98762482528059,sub-011_P7_ses-4_run-01_Anode,sub-011_P7_ses-4,sub-011_run-01,sub-011_ses-4_run-01,sub-011_ses-4_run-01
316,316,sub-011,rDLPFC,ses-4,post fMRI,Anode,40.66365419747308,31.159349899739027,63.92501227091998,"[40.66, 31.16, 63.93]",81.92207333802044,9.486590536119921,sub-011_P7_ses-4_run-02_Anode,sub-011_P7_ses-4,sub-011_run-02,sub-011_ses-4_run-02,sub-011_ses-4_run-02
320,320,sub-012,rOTC,ses-0,baseline,Anode,-68.08,-53.93,46.91,"[-68.08, -53.93, 46.91]",98.71109056230713,0.0,sub-012_P1_ses-0_baseline_Anode,sub-012_P1_ses-0,sub-012_baseline,sub-012_ses-0_baseline,sub-012_ses-0_baseline
324,324,sub-012,rOTC,ses-2,pre fMRI,Anode,-70.80761871300638,-56.34255561977625,34.60503343492746,"[-70.81, -56.34, 34.61]",96.88190646348781,12.827743371302686,sub-012_P1_ses-2_run-01_Anode,sub-012_P1_ses-2,sub-012_run-01,sub-012_ses-2_run-01,sub-012_ses-2_run-01
328,328,sub-012,rOTC,ses-2,post fMRI,Anode,-70.8166063260287,-56.926056034863,32.67255134135485,"[-70.82, -56.93, 32.67]",96.55996168184824,14.808281466800928,sub-012_P1_ses-2_run-02_Anode,sub-012_P1_ses-2,sub-012_run-02,sub-012_ses-2_run-02,sub-012_ses-2_run-02
332,332,sub-012,rOTC,ses-3,pre fMRI,Anode,-69.84127417206764,-58.24670970067382,35.175486121326685,"[-69.84, -58.25, 35.18]",97.51061737062277,12.623505852179099,sub-012_P1_ses-3_run-01_Anode,sub-012_P1_ses-3,sub-012_run-01,sub-012_ses-3_run-01,sub-012_ses-3_run-01
336,336,sub-012,rOTC,ses-3,post fMRI,Anode,-70.67493529245257,-61.52551674097776,32.79544494301081,"[-70.67, -61.53, 32.8]",99.27753925234046,16.234537258573155,sub-012_P1_ses-3_run-02_Anode,sub-012_P1_ses-3,sub-012_run-02,sub-012_ses-3_run-02,sub-012_ses-3_run-02
340,340,sub-012,rOTC,ses-4,pre fMRI,Anode,-65.51231154799461,-43.96522821485996,54.0389408916235,"[-65.51, -43.97, 54.04]",95.63076178719899,12.515726107581614,sub-012_P1_ses-4_run-01_Anode,sub-012_P1_ses-4,sub-012_run-01,sub-012_ses-4_run-01,sub-012_ses-4_run-01
344,344,sub-012,rOTC,ses-4,post fMRI,Anode,-66.42877346090972,-43.839696284383535,53.16181640699506,"[-66.43, -43.84, 53.16]",95.71246575028773,11.983033839558322,sub-012_P1_ses-4_run-02_Anode,sub-012_P1_ses-4,sub-012_run-02,sub-012_ses-4_run-02,sub-012_ses-4_run-02
348,348,sub-014,lTPC,ses-0,baseline,Anode,-72.25,-59.39,50.3,"[-72.25, -59.39, 50.3]",106.19474845772741,0.0,sub-014_P3_ses-0_baseline_Anode,sub-014_P3_ses-0,sub-014_baseline,sub-014_ses-0_baseline,sub-014_ses-0_baseline
352,352,sub-014,lTPC,ses-2,pre fMRI,Anode,-74.66110173542984,-56.385450972709805,35.62893543019891,"[-74.66, -56.39, 35.63]",100.11715437426295,15.166311351149291,sub-014_P3_ses-2_run-01_Anode,sub-014_P3_ses-2,sub-014_run-01,sub-014_ses-2_run-01,sub-014_ses-2_run-01
356,356,sub-014,lTPC,ses-2,post fMRI,Anode,-74.66110173542984,-56.385450972709805,35.62893543019891,"[-74.66, -56.39, 35.63]",100.11715437426295,15.166311351149291,sub-014_P3_ses-2_run-02_Anode,sub-014_P3_ses-2,sub-014_run-02,sub-014_ses-2_run-02,sub-014_ses-2_run-02
360,360,sub-014,lTPC,ses-3,pre fMRI,Anode,-75.52051135140937,-53.52255739562679,33.07053679507226,"[-75.52, -53.52, 33.07]",98.29183943746297,18.493855736433108,sub-014_P3_ses-3_run-01_Anode,sub-014_P3_ses-3,sub-014_run-01,sub-014_ses-3_run-01,sub-014_ses-3_run-01
364,364,sub-014,lTPC,ses-3,post fMRI,Anode,-75.50341894943267,-54.37035596661735,32.11609364952892,"[-75.5, -54.37, 32.12]",98.42784819348638,19.13832019796931,sub-014_P3_ses-3_run-02_Anode,sub-014_P3_ses-3,sub-014_run-02,sub-014_ses-3_run-02,sub-014_ses-3_run-02
368,368,sub-014,lTPC,ses-4,pre fMRI,Anode,-73.90424653131049,-54.16155312384944,43.91399293858558,"[-73.9, -54.16, 43.91]",101.6002150588275,8.420659119095134,sub-014_P3_ses-4_run-01_Anode,sub-014_P3_ses-4,sub-014_run-01,sub-014_ses-4_run-01,sub-014_ses-4_run-01
372,372,sub-014,lTPC,ses-4,post fMRI,Anode,-73.8700617273571,-55.85715026583057,42.005106647498906,"[-73.87, -55.86, 42.01]",101.69541090924407,9.154747402304446,sub-014_P3_ses-4_run-02_Anode,sub-014_P3_ses-4,sub-014_run-02,sub-014_ses-4_run-02,sub-014_ses-4_run-02
376,376,sub-015,rOTC,ses-0,baseline,Anode,73.92,-57.92,7.36,"[73.92, -57.92, 7.36]",94.19693413269883,0.0,sub-015_P1_ses-0_baseline_Anode,sub-015_P1_ses-0,sub-015_baseline,sub-015_ses-0_baseline,sub-015_ses-0_baseline
380,380,sub-015,rOTC,ses-1,pre fMRI,Anode,75.9908422715962,-48.74704357236624,7.076998308300972,"[75.99, -48.75, 7.08]",90.56030587404173,9.404902976639367,sub-015_P1_ses-1_run-01_Anode,sub-015_P1_ses-1,sub-015_run-01,sub-015_ses-1_run-01,sub-015_ses-1_run-01
384,384,sub-015,rOTC,ses-1,post fMRI,Anode,75.99739653617144,-49.5541417747736,6.087773486971855,"[76.0, -49.55, 6.09]",90.93014131738717,8.717579939409793,sub-015_P1_ses-1_run-02_Anode,sub-015_P1_ses-1,sub-015_run-02,sub-015_ses-1_run-02,sub-015_ses-1_run-02
388,388,sub-015,rOTC,ses-2,pre fMRI,Anode,74.20802180469036,-55.224398881196976,-0.0082918033003807,"[74.21, -55.22, -0.01]",92.50066270032879,7.854361845497062,sub-015_P1_ses-2_run-01_Anode,sub-015_P1_ses-2,sub-015_run-01,sub-015_ses-2_run-01,sub-015_ses-2_run-01
392,392,sub-015,rOTC,ses-2,post fMRI,Anode,75.14461543038487,-55.16888754814863,-0.87126300111413,"[75.14, -55.17, -0.87]",93.22288023870536,8.762636589520303,sub-015_P1_ses-2_run-02_Anode,sub-015_P1_ses-2,sub-015_run-02,sub-015_ses-2_run-02,sub-015_ses-2_run-02
396,396,sub-015,rOTC,ses-3,pre fMRI,Anode,74.9666677005589,-52.30230664461851,6.675372030586004,"[74.97, -52.3, 6.68]",91.65376860773375,5.757542878694005,sub-015_P1_ses-3_run-01_Anode,sub-015_P1_ses-3,sub-015_run-01,sub-015_ses-3_run-01,sub-015_ses-3_run-01
400,400,sub-015,rOTC,ses-3,post fMRI,Anode,74.9666677005589,-52.30230664461851,6.675372030586004,"[74.97, -52.3, 6.68]",91.65376860773375,5.757542878694005,sub-015_P1_ses-3_run-02_Anode,sub-015_P1_ses-3,sub-015_run-02,sub-015_ses-3_run-02,sub-015_ses-3_run-02
404,404,sub-015,rOTC,ses-4,pre fMRI,Anode,74.02491272985935,-56.483761966228485,3.489653058350086,"[74.02, -56.48, 3.49]",93.17258663362308,4.130435812356852,sub-015_P1_ses-4_run-01_Anode,sub-015_P1_ses-4,sub-015_run-01,sub-015_ses-4_run-01,sub-015_ses-4_run-01
408,408,sub-015,rOTC,ses-4,post fMRI,Anode,74.02491272985935,-56.483761966228485,3.489653058350086,"[74.02, -56.48, 3.49]",93.17258663362308,4.130435812356852,sub-015_P1_ses-4_run-02_Anode,sub-015_P1_ses-4,sub-015_run-02,sub-015_ses-4_run-02,sub-015_ses-4_run-02
412,412,sub-016,rOTC,ses-0,baseline,Anode,76.38,-42.29,9.26,"[76.38, -42.29, 9.26]",87.79576356521993,0.0,sub-016_P1_ses-0_baseline_Anode,sub-016_P1_ses-0,sub-016_baseline,sub-016_ses-0_baseline,sub-016_ses-0_baseline
416,416,sub-016,rOTC,ses-1,pre fMRI,Anode,75.54620085842907,-38.60266109928489,1.083453143015504,"[75.55, -38.6, 1.08]",84.84650199035903,9.01206968459521,sub-016_P1_ses-1_run-01_Anode,sub-016_P1_ses-1,sub-016_run-01,sub-016_ses-1_run-01,sub-016_ses-1_run-01
420,420,sub-016,rOTC,ses-1,post fMRI,Anode,75.61210142821074,-39.53276685625315,1.9555636085569856,"[75.61, -39.53, 1.96]",85.34245485102944,7.842225449449919,sub-016_P1_ses-1_run-02_Anode,sub-016_P1_ses-1,sub-016_run-02,sub-016_ses-1_run-02,sub-016_ses-1_run-02
424,424,sub-016,rOTC,ses-2,pre fMRI,Anode,77.0051279515028,-36.92530667036772,9.303775971755384,"[77.01, -36.93, 9.3]",85.91190255139273,5.397045488042509,sub-016_P1_ses-2_run-01_Anode,sub-016_P1_ses-2,sub-016_run-01,sub-016_ses-2_run-01,sub-016_ses-2_run-01
428,428,sub-016,rOTC,ses-2,post fMRI,Anode,76.10923431813717,-37.00855314731598,9.282691335305572,"[76.11, -37.01, 9.28]",85.13865514559177,5.286936731227263,sub-016_P1_ses-2_run-02_Anode,sub-016_P1_ses-2,sub-016_run-02,sub-016_ses-2_run-02,sub-016_ses-2_run-02
432,432,sub-016,rOTC,ses-3,pre fMRI,Anode,75.55005533993244,-40.68518627434969,9.141912383958696,"[75.55, -40.69, 9.14]",86.29610767583901,1.8064606278576905,sub-016_P1_ses-3_run-01_Anode,sub-016_P1_ses-3,sub-016_run-01,sub-016_ses-3_run-01,sub-016_ses-3_run-01
436,436,sub-016,rOTC,ses-3,post fMRI,Anode,74.82251903414726,-42.56512607634068,9.060980590060352,"[74.82, -42.57, 9.06]",86.55819371960115,1.597498043817271,sub-016_P1_ses-3_run-02_Anode,sub-016_P1_ses-3,sub-016_run-02,sub-016_ses-3_run-02,sub-016_ses-3_run-02
440,440,sub-016,rOTC,ses-4,pre fMRI,Anode,77.38873779587448,-32.50912235304713,13.98464872315526,"[77.39, -32.51, 13.98]",85.0973125310077,10.906278008560026,sub-016_P1_ses-4_run-01_Anode,sub-016_P1_ses-4,sub-016_run-01,sub-016_ses-4_run-01,sub-016_ses-4_run-01
444,444,sub-016,rOTC,ses-4,post fMRI,Anode,78.07971791364253,-30.69270073994994,15.869648605585098,"[78.08, -30.69, 15.87]",85.38278163658057,13.45890411586322,sub-016_P1_ses-4_run-02_Anode,sub-016_P1_ses-4,sub-016_run-02,sub-016_ses-4_run-02,sub-016_ses-4_run-02
448,448,sub-017,rOTC,ses-0,baseline,Anode,67.53,-58.47,-13.37,"[67.53, -58.47, -13.37]",90.32053310294398,0.0,sub-017_P1_ses-0_baseline_Anode,sub-017_P1_ses-0,sub-017_baseline,sub-017_ses-0_baseline,sub-017_ses-0_baseline
452,452,sub-017,rOTC,ses-1,pre fMRI,Anode,68.08882182184607,-54.544448141008615,-5.599813301116228,"[68.09, -54.54, -5.6]",87.41979009354804,8.725330939282474,sub-017_P1_ses-1_run-01_Anode,sub-017_P1_ses-1,sub-017_run-01,sub-017_ses-1_run-01,sub-017_ses-1_run-01
456,456,sub-017,rOTC,ses-1,post fMRI,Anode,68.08882182184607,-54.544448141008615,-5.599813301116228,"[68.09, -54.54, -5.6]",87.41979009354804,8.725330939282474,sub-017_P1_ses-1_run-02_Anode,sub-017_P1_ses-1,sub-017_run-02,sub-017_ses-1_run-02,sub-017_ses-1_run-02
460,460,sub-017,rOTC,ses-2,pre fMRI,Anode,67.13433248642832,-56.40526682138443,-6.314897619187832,"[67.13, -56.41, -6.31]",87.91098395536248,7.365269852490131,sub-017_P1_ses-2_run-01_Anode,sub-017_P1_ses-2,sub-017_run-01,sub-017_ses-2_run-01,sub-017_ses-2_run-01
464,464,sub-017,rOTC,ses-2,post fMRI,Anode,67.0505279218778,-56.63987204432488,-9.01174970716238,"[67.05, -56.64, -9.01]",88.23248948091627,4.752778134943814,sub-017_P1_ses-2_run-02_Anode,sub-017_P1_ses-2,sub-017_run-02,sub-017_ses-2_run-02,sub-017_ses-2_run-02
468,468,sub-017,rOTC,ses-3,pre fMRI,Anode,64.06347327120602,-66.874950427562,-12.5616638623178,"[64.06, -66.87, -12.56]",93.45070411719753,9.124527385021105,sub-017_P1_ses-3_run-01_Anode,sub-017_P1_ses-3,sub-017_run-01,sub-017_ses-3_run-01,sub-017_ses-3_run-01
472,472,sub-017,rOTC,ses-3,post fMRI,Anode,63.12252732273191,-67.83652533590794,-13.355396218597887,"[63.12, -67.84, -13.36]",93.62098909966717,10.355921011672507,sub-017_P1_ses-3_run-02_Anode,sub-017_P1_ses-3,sub-017_run-02,sub-017_ses-3_run-02,sub-017_ses-3_run-02
476,476,sub-017,rOTC,ses-4,pre fMRI,Anode,64.96039673499763,-61.72996362298727,-15.7569744810462,"[64.96, -61.73, -15.76]",90.98775796776178,4.790052191782468,sub-017_P1_ses-4_run-01_Anode,sub-017_P1_ses-4,sub-017_run-01,sub-017_ses-4_run-01,sub-017_ses-4_run-01
480,480,sub-017,rOTC,ses-4,post fMRI,Anode,64.90537510626018,-63.60665290802717,-16.498629100620747,"[64.91, -63.61, -16.5]",92.36769023852442,6.563604192819676,sub-017_P1_ses-4_run-02_Anode,sub-017_P1_ses-4,sub-017_run-02,sub-017_ses-4_run-02,sub-017_ses-4_run-02
484,484,sub-018,rOTC,ses-0,baseline,Anode,73.66,-55.22,1.38,"[73.66, -55.22, 1.38]",92.07034484566678,0.0,sub-018_P1_ses-0_baseline_Anode,sub-018_P1_ses-0,sub-018_baseline,sub-018_ses-0_baseline,sub-018_ses-0_baseline
488,488,sub-018,rOTC,ses-2,pre fMRI,Anode,74.05806184234098,-51.7201686128974,0.8590259931515902,"[74.06, -51.72, 0.86]",90.3359374778388,3.5609549281056627,sub-018_P1_ses-2_run-01_Anode,sub-018_P1_ses-2,sub-018_run-01,sub-018_ses-2_run-01,sub-018_ses-2_run-01
492,492,sub-018,rOTC,ses-2,post fMRI,Anode,73.36393835674971,-55.46515165269375,1.2570623542414978,"[73.36, -55.47, 1.26]",91.97933517915858,0.40853396431630784,sub-018_P1_ses-2_run-02_Anode,sub-018_P1_ses-2,sub-018_run-02,sub-018_ses-2_run-02,sub-018_ses-2_run-02
496,496,sub-018,rOTC,ses-3,pre fMRI,Anode,75.16416832758114,-54.80416155606508,-15.977794117876329,"[75.16, -54.8, -15.98]",94.37916083543018,17.429744691188105,sub-018_P1_ses-3_run-01_Anode,sub-018_P1_ses-3,sub-018_run-01,sub-018_ses-3_run-01,sub-018_ses-3_run-01
500,500,sub-018,rOTC,ses-3,post fMRI,Anode,74.3255841624923,-55.99401267617941,-14.314643084304407,"[74.33, -55.99, -14.31]",94.15203184212224,15.72316443976848,sub-018_P1_ses-3_run-02_Anode,sub-018_P1_ses-3,sub-018_run-02,sub-018_ses-3_run-02,sub-018_ses-3_run-02
504,504,sub-018,rOTC,ses-4,pre fMRI,Anode,74.33171555772424,-56.45986723899841,-4.3540231951046735,"[74.33, -56.46, -4.35]",93.44304682532564,5.900796556398127,sub-018_P1_ses-4_run-01_Anode,sub-018_P1_ses-4,sub-018_run-01,sub-018_ses-4_run-01,sub-018_ses-4_run-01
508,508,sub-018,rOTC,ses-4,post fMRI,Anode,72.60978647740558,-58.07020666450262,-0.0098340497352182,"[72.61, -58.07, -0.01]",92.97492726536548,3.340224543350342,sub-018_P1_ses-4_run-02_Anode,sub-018_P1_ses-4,sub-018_run-02,sub-018_ses-4_run-02,sub-018_ses-4_run-02
600,600,sub-023,lTPC,ses-0,baseline,Anode,-62.96,-60.82,61.29,"[-62.96, -60.82, 61.29]",106.86205173025643,0.0,sub-023_P3_ses-0_baseline_Anode,sub-023_P3_ses-0,sub-023_baseline,sub-023_ses-0_baseline,sub-023_ses-0_baseline
604,604,sub-023,lTPC,ses-1,pre fMRI,Anode,-59.58705945685506,-53.44675432145596,64.80441036820412,"[-59.59, -53.45, 64.8]",102.9898567821123,8.831415515080238,sub-023_P3_ses-1_run-01_Anode,sub-023_P3_ses-1,sub-023_run-01,sub-023_ses-1_run-01,sub-023_ses-1_run-01
608,608,sub-023,lTPC,ses-1,post fMRI,Anode,-58.69800022616983,-53.403100941330194,65.71692128945142,"[-58.7, -53.4, 65.72]",103.03576272343501,9.63477555524777,sub-023_P3_ses-1_run-02_Anode,sub-023_P3_ses-1,sub-023_run-02,sub-023_ses-1_run-02,sub-023_ses-1_run-02
612,612,sub-023,lTPC,ses-2,pre fMRI,Anode,-61.97013255953789,-62.70203470438719,57.76082578022033,"[-61.97, -62.7, 57.76]",105.39349363219725,4.12012135743597,sub-023_P3_ses-2_run-01_Anode,sub-023_P3_ses-2,sub-023_run-01,sub-023_ses-2_run-01,sub-023_ses-2_run-01
616,616,sub-023,lTPC,ses-2,post fMRI,Anode,-60.15636060759425,-64.39884765073657,60.52960942965001,"[-60.16, -64.4, 60.53]",106.91335978258283,4.608036458189113,sub-023_P3_ses-2_run-02_Anode,sub-023_P3_ses-2,sub-023_run-02,sub-023_ses-2_run-02,sub-023_ses-2_run-02
620,620,sub-023,lTPC,ses-3,pre fMRI,Anode,-62.08377439528704,-59.05230660736561,59.48324650991708,"[-62.08, -59.05, 59.48]",104.30100335087866,2.680186560670735,sub-023_P3_ses-3_run-01_Anode,sub-023_P3_ses-3,sub-023_run-01,sub-023_ses-3_run-01,sub-023_ses-3_run-01
624,624,sub-023,lTPC,ses-3,post fMRI,Anode,-62.02695347741246,-60.8771706558764,58.62203614506871,"[-62.03, -60.88, 58.62]",104.8351071921997,2.827967467988274,sub-023_P3_ses-3_run-02_Anode,sub-023_P3_ses-3,sub-023_run-02,sub-023_ses-3_run-02,sub-023_ses-3_run-02
628,628,sub-023,lTPC,ses-4,pre fMRI,Anode,-66.56472403928638,-57.48645380139351,53.97693009674549,"[-66.56, -57.49, 53.98]",103.1948356265952,8.80255644685111,sub-023_P3_ses-4_run-01_Anode,sub-023_P3_ses-4,sub-023_run-01,sub-023_ses-4_run-01,sub-023_ses-4_run-01
632,632,sub-023,lTPC,ses-4,post fMRI,Anode,-68.64364846050739,-70.75816135853529,28.966175233013928,"[-68.64, -70.76, 28.97]",102.75061119039634,34.28772958362802,sub-023_P3_ses-4_run-02_Anode,sub-023_P3_ses-4,sub-023_run-02,sub-023_ses-4_run-02,sub-023_ses-4_run-02
636,636,sub-024,lTPC,ses-0,baseline,Anode,-70.87,-56.84,53.76,"[-70.87, -56.84, 53.76]",105.56268327396761,0.0,sub-024_P3_ses-0_baseline_Anode,sub-024_P3_ses-0,sub-024_baseline,sub-024_ses-0_baseline,sub-024_ses-0_baseline
640,640,sub-024,lTPC,ses-1,pre fMRI,Anode,-68.37778682820499,-60.72738294675946,47.29541952279396,"[-68.38, -60.73, 47.3]",102.96235865596708,7.941271938423971,sub-024_P3_ses-1_run-01_Anode,sub-024_P3_ses-1,sub-024_run-01,sub-024_ses-1_run-01,sub-024_ses-1_run-01
644,644,sub-024,lTPC,ses-1,post fMRI,Anode,-67.49828936439008,-61.66142535582185,48.18652311898768,"[-67.5, -61.66, 48.19]",103.34641599978201,8.100259255110293,sub-024_P3_ses-1_run-02_Anode,sub-024_P3_ses-1,sub-024_run-02,sub-024_ses-1_run-02,sub-024_ses-1_run-02
648,648,sub-024,lTPC,ses-2,pre fMRI,Anode,-69.06585499458015,-55.27974061667919,47.288050232222304,"[-69.07, -55.28, 47.29]",100.31394419521145,6.894526814800275,sub-024_P3_ses-2_run-01_Anode,sub-024_P3_ses-2,sub-024_run-01,sub-024_ses-2_run-01,sub-024_ses-2_run-01
652,652,sub-024,lTPC,ses-2,post fMRI,Anode,-69.06585499458015,-55.27974061667919,47.288050232222304,"[-69.07, -55.28, 47.29]",100.31394419521145,6.894526814800275,sub-024_P3_ses-2_run-02_Anode,sub-024_P3_ses-2,sub-024_run-02,sub-024_ses-2_run-02,sub-024_ses-2_run-02
656,656,sub-024,lTPC,ses-3,pre fMRI,Anode,-69.56373835355043,-48.89822641387582,56.3032938153483,"[-69.56, -48.9, 56.3]",101.97790741136042,8.438678806543123,sub-024_P3_ses-3_run-01_Anode,sub-024_P3_ses-3,sub-024_run-01,sub-024_ses-3_run-01,sub-024_ses-3_run-01
660,660,sub-024,lTPC,ses-3,post fMRI,Anode,-68.8052984252572,-52.54170028120279,56.303101072553545,"[-68.81, -52.54, 56.3]",103.2712820681529,5.402332829435821,sub-024_P3_ses-3_run-02_Anode,sub-024_P3_ses-3,sub-024_run-02,sub-024_ses-3_run-02,sub-024_ses-3_run-02
664,664,sub-024,lTPC,ses-4,pre fMRI,Anode,-59.00030166655779,-78.22170206159353,56.2251678253524,"[-59.0, -78.22, 56.23]",112.96539868473,24.57849059645445,sub-024_P3_ses-4_run-01_Anode,sub-024_P3_ses-4,sub-024_run-01,sub-024_ses-4_run-01,sub-024_ses-4_run-01
668,668,sub-024,lTPC,ses-4,post fMRI,Anode,-59.01580155920237,-78.22488082572818,55.32252843631432,"[-59.02, -78.22, 55.32]",112.52569128870081,24.49409112418748,sub-024_P3_ses-4_run-02_Anode,sub-024_P3_ses-4,sub-024_run-02,sub-024_ses-4_run-02,sub-024_ses-4_run-02
672,672,sub-025,lTPC,ses-0,baseline,Anode,71.36,-53.69,23.15,"[71.36, -53.69, 23.15]",92.25393324948264,0.0,sub-025_P3_ses-0_baseline_Anode,sub-025_P3_ses-0,sub-025_baseline,sub-025_ses-0_baseline,sub-025_ses-0_baseline
676,676,sub-025,lTPC,ses-1,pre fMRI,Anode,73.46352479793131,-39.77431438863277,18.206232130527496,"[73.46, -39.77, 18.21]",85.49636600464372,14.919115255268988,sub-025_P3_ses-1_run-01_Anode,sub-025_P3_ses-1,sub-025_run-01,sub-025_ses-1_run-01,sub-025_ses-1_run-01
680,680,sub-025,lTPC,ses-1,post fMRI,Anode,73.45753381028771,-40.70943546295166,19.075443848967552,"[73.46, -40.71, 19.08]",86.12619868541744,13.764276225069008,sub-025_P3_ses-1_run-02_Anode,sub-025_P3_ses-1,sub-025_run-02,sub-025_ses-1_run-02,sub-025_ses-1_run-02
684,684,sub-025,lTPC,ses-2,pre fMRI,Anode,70.70881300978363,-51.01990051008761,30.467599757947028,"[70.71, -51.02, 30.47]",92.36539070452741,7.8188106512435755,sub-025_P3_ses-2_run-01_Anode,sub-025_P3_ses-2,sub-025_run-01,sub-025_ses-2_run-01,sub-025_ses-2_run-01
688,688,sub-025,lTPC,ses-2,post fMRI,Anode,70.71717448160052,-51.05295827426016,31.369733639992774,"[70.72, -51.05, 31.37]",92.69033282926542,8.6572281938274,sub-025_P3_ses-2_run-02_Anode,sub-025_P3_ses-2,sub-025_run-02,sub-025_ses-2_run-02,sub-025_ses-2_run-02
692,692,sub-025,lTPC,ses-3,pre fMRI,Anode,70.62993925996125,-52.62568054534495,24.988952138461173,"[70.63, -52.63, 24.99]",91.55880023241895,2.2454620905283607,sub-025_P3_ses-3_run-01_Anode,sub-025_P3_ses-3,sub-025_run-01,sub-025_ses-3_run-01,sub-025_ses-3_run-01
696,696,sub-025,lTPC,ses-3,post fMRI,Anode,70.56778845377266,-54.2975761089474,21.31457228306681,"[70.57, -54.3, 21.31]",91.55725531054325,2.093274946107178,sub-025_P3_ses-3_run-02_Anode,sub-025_P3_ses-3,sub-025_run-02,sub-025_ses-3_run-02,sub-025_ses-3_run-02
700,700,sub-025,lTPC,ses-4,pre fMRI,Anode,68.70232189074159,-57.84478338621557,20.298455907963216,"[68.7, -57.84, 20.3]",92.07195881483136,5.693909026319266,sub-025_P3_ses-4_run-01_Anode,sub-025_P3_ses-4,sub-025_run-01,sub-025_ses-4_run-01,sub-025_ses-4_run-01
704,704,sub-025,lTPC,ses-4,post fMRI,Anode,68.68796943128109,-58.7468466963619,20.265533744357526,"[68.69, -58.75, 20.27]",92.63234586255494,6.405224430103916,sub-025_P3_ses-4_run-02_Anode,sub-025_P3_ses-4,sub-025_run-02,sub-025_ses-4_run-02,sub-025_ses-4_run-02
708,708,sub-026,rOTC,ses-0,baseline,Anode,71.46,-65.78,5.69,"[71.46, -65.78, 5.69]",97.29293962050895,0.0,sub-026_P1_ses-0_baseline_Anode,sub-026_P1_ses-0,sub-026_baseline,sub-026_ses-0_baseline,sub-026_ses-0_baseline
712,712,sub-026,rOTC,ses-1,pre fMRI,Anode,73.58036800660193,-56.80260766670108,8.140857480466366,"[73.58, -56.8, 8.14]",93.30871341948725,9.546585777124726,sub-026_P1_ses-1_run-01_Anode,sub-026_P1_ses-1,sub-026_run-01,sub-026_ses-1_run-01,sub-026_ses-1_run-01
716,716,sub-026,rOTC,ses-1,post fMRI,Anode,73.5620566830039,-57.704504799097776,8.176276180893183,"[73.56, -57.7, 8.18]",93.84708839383352,8.711859732571456,sub-026_P1_ses-1_run-02_Anode,sub-026_P1_ses-1,sub-026_run-02,sub-026_ses-1_run-02,sub-026_ses-1_run-02
720,720,sub-026,rOTC,ses-2,pre fMRI,Anode,73.5620566830039,-57.704504799097776,8.176276180893183,"[73.56, -57.7, 8.18]",93.84708839383352,8.711859732571456,sub-026_P1_ses-2_run-01_Anode,sub-026_P1_ses-2,sub-026_run-01,sub-026_ses-2_run-01,sub-026_ses-2_run-01
724,724,sub-026,rOTC,ses-2,post fMRI,Anode,73.57785051502287,-58.5716926343739,9.113160476088524,"[73.58, -58.57, 9.11]",94.48520201597708,8.256809311108016,sub-026_P1_ses-2_run-02_Anode,sub-026_P1_ses-2,sub-026_run-02,sub-026_ses-2_run-02,sub-026_ses-2_run-02
728,728,sub-026,rOTC,ses-3,pre fMRI,Anode,72.47152984328568,-60.52947101742029,4.709935080260038,"[72.47, -60.53, 4.71]",94.54081605317356,5.4353472750138065,sub-026_P1_ses-3_run-01_Anode,sub-026_P1_ses-3,sub-026_run-01,sub-026_ses-3_run-01,sub-026_ses-3_run-01
732,732,sub-026,rOTC,ses-3,post fMRI,Anode,72.47152984328568,-60.52947101742029,4.709935080260038,"[72.47, -60.53, 4.71]",94.54081605317356,5.4353472750138065,sub-026_P1_ses-3_run-02_Anode,sub-026_P1_ses-3,sub-026_run-02,sub-026_ses-3_run-02,sub-026_ses-3_run-02
736,736,sub-026,rOTC,ses-4,pre fMRI,Anode,73.49636386334896,-56.004838425666094,5.401041995733976,"[73.5, -56.0, 5.4]",92.56030466674146,9.99470359740598,sub-026_P1_ses-4_run-01_Anode,sub-026_P1_ses-4,sub-026_run-01,sub-026_ses-4_run-01,sub-026_ses-4_run-01
740,740,sub-026,rOTC,ses-4,post fMRI,Anode,74.4296412654221,-55.989691495895386,6.269242413341999,"[74.43, -55.99, 6.27]",93.34890411783098,10.247019078736999,sub-026_P1_ses-4_run-02_Anode,sub-026_P1_ses-4,sub-026_run-02,sub-026_ses-4_run-02,sub-026_ses-4_run-02
744,744,sub-028,rDLPFC,ses-0,baseline,Anode,45.67,44.79,57.86,"[45.67, 44.79, 57.86]",86.25353673908103,0.0,sub-028_P7_ses-0_baseline_Anode,sub-028_P7_ses-0,sub-028_baseline,sub-028_ses-0_baseline,sub-028_ses-0_baseline
748,748,sub-028,rDLPFC,ses-1,pre fMRI,Anode,51.02240138157504,36.10234334692359,55.26598172960803,"[51.02, 36.1, 55.27]",83.43274716800353,10.528375943135767,sub-028_P7_ses-1_run-01_Anode,sub-028_P7_ses-1,sub-028_run-01,sub-028_ses-1_run-01,sub-028_ses-1_run-01
752,752,sub-028,rDLPFC,ses-1,post fMRI,Anode,51.97823225729371,34.19978950172663,54.672924305312335,"[51.98, 34.2, 54.67]",82.82734632957886,12.733432373087778,sub-028_P7_ses-1_run-02_Anode,sub-028_P7_ses-1,sub-028_run-02,sub-028_ses-1_run-02,sub-028_ses-1_run-02
756,756,sub-028,rDLPFC,ses-2,pre fMRI,Anode,57.43175569904997,31.680847689509392,49.605938367545605,"[57.43, 31.68, 49.61]",82.23733580314966,19.448192718090798,sub-028_P7_ses-2_run-01_Anode,sub-028_P7_ses-2,sub-028_run-01,sub-028_ses-2_run-01,sub-028_ses-2_run-01
760,760,sub-028,rDLPFC,ses-2,post fMRI,Anode,56.58850954835361,30.02484903112054,50.802452348638326,"[56.59, 30.02, 50.8]",81.75737581405117,19.678488254944792,sub-028_P7_ses-2_run-02_Anode,sub-028_P7_ses-2,sub-028_run-02,sub-028_ses-2_run-02,sub-028_ses-2_run-02
764,764,sub-028,rDLPFC,ses-4,pre fMRI,Anode,55.52002187422477,35.033140785992146,48.12184100691229,"[55.52, 35.03, 48.12]",81.39475228784715,16.94543301305694,sub-028_P7_ses-4_run-01_Anode,sub-028_P7_ses-4,sub-028_run-01,sub-028_ses-4_run-01,sub-028_ses-4_run-01
768,768,sub-028,rDLPFC,ses-4,post fMRI,Anode,56.44770656868786,34.02022506669164,47.37791944341734,"[56.45, 34.02, 47.38]",81.17159170547293,18.494099058889024,sub-028_P7_ses-4_run-02_Anode,sub-028_P7_ses-4,sub-028_run-02,sub-028_ses-4_run-02,sub-028_ses-4_run-02
772,772,sub-029,rDLPFC,ses-0,baseline,Anode,50.96,32.44,60.13,"[50.96, 32.44, 60.13]",85.23433639091702,0.0,sub-029_P7_ses-0_baseline_Anode,sub-029_P7_ses-0,sub-029_baseline,sub-029_ses-0_baseline,sub-029_ses-0_baseline
776,776,sub-029,rDLPFC,ses-1,pre fMRI,Anode,55.51974194357172,23.64913003263064,58.05095282010734,"[55.52, 23.65, 58.05]",83.73526974937144,10.118502853683445,sub-029_P7_ses-1_run-01_Anode,sub-029_P7_ses-1,sub-029_run-01,sub-029_ses-1_run-01,sub-029_ses-1_run-01
780,780,sub-029,rDLPFC,ses-1,post fMRI,Anode,55.526734500192106,21.844157384010032,58.00559617765248,"[55.53, 21.84, 58.01]",83.22095048724209,11.736238750127741,sub-029_P7_ses-1_run-02_Anode,sub-029_P7_ses-1,sub-029_run-02,sub-029_ses-1_run-02,sub-029_ses-1_run-02
784,784,sub-029,rDLPFC,ses-2,pre fMRI,Anode,52.73969774693251,25.377211776562035,60.72867425531149,"[52.74, 25.38, 60.73]",84.34325639907436,7.305614279442898,sub-029_P7_ses-2_run-01_Anode,sub-029_P7_ses-2,sub-029_run-01,sub-029_ses-2_run-01,sub-029_ses-2_run-01
788,788,sub-029,rDLPFC,ses-2,post fMRI,Anode,52.7431940252427,24.47472545225173,60.70599593408406,"[52.74, 24.47, 60.71]",84.0594587182192,8.186922498717085,sub-029_P7_ses-2_run-02_Anode,sub-029_P7_ses-2,sub-029_run-02,sub-029_ses-2_run-02,sub-029_ses-2_run-02
792,792,sub-029,rDLPFC,ses-3,pre fMRI,Anode,56.57827216712758,27.42129933834076,51.851293083280325,"[56.58, 27.42, 51.85]",81.49586063107746,11.19567773741277,sub-029_P7_ses-3_run-01_Anode,sub-029_P7_ses-3,sub-029_run-01,sub-029_ses-3_run-01,sub-029_ses-3_run-01
796,796,sub-029,rDLPFC,ses-3,post fMRI,Anode,57.45673072873615,26.498912079958245,52.7554658614099,"[57.46, 26.5, 52.76]",82.38640179058677,11.482617297463154,sub-029_P7_ses-3_run-02_Anode,sub-029_P7_ses-3,sub-029_run-02,sub-029_ses-3_run-02,sub-029_ses-3_run-02
800,800,sub-029,rDLPFC,ses-4,pre fMRI,Anode,53.7488397071138,29.10384984663688,56.33332054875791,"[53.75, 29.1, 56.33]",83.1200421077853,5.777516767608727,sub-029_P7_ses-4_run-01_Anode,sub-029_P7_ses-4,sub-029_run-01,sub-029_ses-4_run-01,sub-029_ses-4_run-01
804,804,sub-029,rDLPFC,ses-4,post fMRI,Anode,53.73113813204691,27.27611158019863,57.19011692143977,"[53.73, 27.28, 57.19]",83.07711718638292,6.553022203533265,sub-029_P7_ses-4_run-02_Anode,sub-029_P7_ses-4,sub-029_run-02,sub-029_ses-4_run-02,sub-029_ses-4_run-02
808,808,sub-030,rOTC,ses-0,baseline,Anode,67.26,-61.01,16.64,"[67.26, -61.01, 16.64]",92.32018901627097,0.0,sub-030_P1_ses-0_baseline_Anode,sub-030_P1_ses-0,sub-030_baseline,sub-030_ses-0_baseline,sub-030_ses-0_baseline
812,812,sub-030,rOTC,ses-1,pre fMRI,Anode,67.82337613776326,-59.05774530209601,17.669392993673682,"[67.82, -59.06, 17.67]",91.65077686522902,2.275302177733756,sub-030_P1_ses-1_run-01_Anode,sub-030_P1_ses-1,sub-030_run-01,sub-030_ses-1_run-01,sub-030_ses-1_run-01
816,816,sub-030,rOTC,ses-1,post fMRI,Anode,67.76959601975977,-58.182468911632895,18.597302060574293,"[67.77, -58.18, 18.6]",91.23401394216961,3.4800287355135424,sub-030_P1_ses-1_run-02_Anode,sub-030_P1_ses-1,sub-030_run-02,sub-030_ses-1_run-02,sub-030_ses-1_run-02
820,820,sub-030,rOTC,ses-2,pre fMRI,Anode,66.28004373051226,-61.636227855458856,11.228894092142582,"[66.28, -61.64, 11.23]",91.20658364394535,5.534022045492772,sub-030_P1_ses-2_run-01_Anode,sub-030_P1_ses-2,sub-030_run-01,sub-030_ses-2_run-01,sub-030_ses-2_run-01
824,824,sub-030,rOTC,ses-2,post fMRI,Anode,66.19590923562646,-59.85905367694795,12.18263091519475,"[66.2, -59.86, 12.18]",90.07781080821181,4.726277605050301,sub-030_P1_ses-2_run-02_Anode,sub-030_P1_ses-2,sub-030_run-02,sub-030_ses-2_run-02,sub-030_ses-2_run-02
828,828,sub-030,rOTC,ses-3,pre fMRI,Anode,67.0785999931395,-60.78462477400899,13.985189009457828,"[67.08, -60.78, 13.99]",91.5950593645749,2.6660457610476236,sub-030_P1_ses-3_run-01_Anode,sub-030_P1_ses-3,sub-030_run-01,sub-030_ses-3_run-01,sub-030_ses-3_run-01
832,832,sub-030,rOTC,ses-3,post fMRI,Anode,67.07167135737836,-59.85610558837652,13.10893545486033,"[67.07, -59.86, 13.11]",90.84864666025575,3.7174588094557293,sub-030_P1_ses-3_run-02_Anode,sub-030_P1_ses-3,sub-030_run-02,sub-030_ses-3_run-02,sub-030_ses-3_run-02
836,836,sub-030,rOTC,ses-4,pre fMRI,Anode,66.24968935362995,-60.734330067411065,11.25472184829414,"[66.25, -60.73, 11.25]",90.5745985362342,5.490956200881593,sub-030_P1_ses-4_run-01_Anode,sub-030_P1_ses-4,sub-030_run-01,sub-030_ses-4_run-01,sub-030_ses-4_run-01
840,840,sub-030,rOTC,ses-4,post fMRI,Anode,66.2869723662734,-62.56474704109132,12.10514764674008,"[66.29, -62.56, 12.11]",91.94982218579872,4.885110029467097,sub-030_P1_ses-4_run-02_Anode,sub-030_P1_ses-4,sub-030_run-02,sub-030_ses-4_run-02,sub-030_ses-4_run-02
844,844,sub-031,rDLPFC,ses-0,baseline,Anode,56.37,29.99,60.06,"[56.37, 29.99, 60.06]",87.6594581320236,0.0,sub-031_P7_ses-0_baseline_Anode,sub-031_P7_ses-0,sub-031_baseline,sub-031_ses-0_baseline,sub-031_ses-0_baseline
848,848,sub-031,rDLPFC,ses-1,pre fMRI,Anode,56.39384571742266,33.49977920902893,57.35222523007542,"[56.39, 33.5, 57.35]",87.12694531544189,4.434478548826233,sub-031_P7_ses-1_run-01_Anode,sub-031_P7_ses-1,sub-031_run-01,sub-031_ses-1_run-01,sub-031_ses-1_run-01
852,852,sub-031,rDLPFC,ses-1,post fMRI,Anode,55.44749675597996,33.499776266515255,58.206293110735714,"[55.45, 33.5, 58.21]",87.09395271774041,4.072959611879304,sub-031_P7_ses-1_run-02_Anode,sub-031_P7_ses-1,sub-031_run-02,sub-031_ses-1_run-02,sub-031_ses-1_run-02
856,856,sub-031,rDLPFC,ses-2,pre fMRI,Anode,54.28371005132794,28.963316875044256,62.636479176580906,"[54.28, 28.96, 62.64]",87.79959908792294,3.476406190306301,sub-031_P7_ses-2_run-01_Anode,sub-031_P7_ses-2,sub-031_run-01,sub-031_ses-2_run-01,sub-031_ses-2_run-01
860,860,sub-031,rDLPFC,ses-2,post fMRI,Anode,54.272923512384295,27.1578325801529,62.62452094070613,"[54.27, 27.16, 62.62]",87.20185147117004,4.35574333495443,sub-031_P7_ses-2_run-02_Anode,sub-031_P7_ses-2,sub-031_run-02,sub-031_ses-2_run-02,sub-031_ses-2_run-02
864,864,sub-031,rDLPFC,ses-3,pre fMRI,Anode,59.92944420315325,23.54688164545223,57.47619718499482,"[59.93, 23.55, 57.48]",86.31429661417626,7.7976663175593774,sub-031_P7_ses-3_run-01_Anode,sub-031_P7_ses-3,sub-031_run-01,sub-031_ses-3_run-01,sub-031_ses-3_run-01
868,868,sub-031,rDLPFC,ses-3,post fMRI,Anode,59.93483747262508,24.44962379289791,57.4821763029322,"[59.93, 24.45, 57.48]",86.56418312443085,7.072594997594591,sub-031_P7_ses-3_run-02_Anode,sub-031_P7_ses-3,sub-031_run-02,sub-031_ses-3_run-02,sub-031_ses-3_run-02
872,872,sub-032,rDLPFC,ses-0,baseline,Anode,46.08,23.99,69.42,"[46.08, 23.99, 69.42]",86.70653320252171,0.0,sub-032_P7_ses-0_baseline_Anode,sub-032_P7_ses-0,sub-032_baseline,sub-032_ses-0_baseline,sub-032_ses-0_baseline
876,876,sub-032,rDLPFC,ses-1,pre fMRI,Anode,49.74886667728424,14.923749335110188,68.36172200366855,"[49.75, 14.92, 68.36]",85.85312166718226,9.841615721008415,sub-032_P7_ses-1_run-01_Anode,sub-032_P7_ses-1,sub-032_run-01,sub-032_ses-1_run-01,sub-032_ses-1_run-01
880,880,sub-032,rDLPFC,ses-1,post fMRI,Anode,49.74886667728424,14.923749335110188,68.36172200366855,"[49.75, 14.92, 68.36]",85.85312166718226,9.841615721008415,sub-032_P7_ses-1_run-02_Anode,sub-032_P7_ses-1,sub-032_run-02,sub-032_ses-1_run-02,sub-032_ses-1_run-02
884,884,sub-032,rDLPFC,ses-2,pre fMRI,Anode,56.13321857154369,15.453447498381138,61.23360897041857,"[56.13, 15.45, 61.23]",84.48900697723936,15.524503212663527,sub-032_P7_ses-2_run-01_Anode,sub-032_P7_ses-2,sub-032_run-01,sub-032_ses-2_run-01,sub-032_ses-2_run-01
888,888,sub-032,rDLPFC,ses-2,post fMRI,Anode,56.13321857154369,15.453447498381138,61.23360897041857,"[56.13, 15.45, 61.23]",84.48900697723936,15.524503212663527,sub-032_P7_ses-2_run-02_Anode,sub-032_P7_ses-2,sub-032_run-02,sub-032_ses-2_run-02,sub-032_ses-2_run-02
892,892,sub-032,rDLPFC,ses-3,pre fMRI,Anode,51.7715269792825,26.38051500916481,61.20154057443142,"[51.77, 26.38, 61.2]",84.38884582692194,10.278939634028406,sub-032_P7_ses-3_run-01_Anode,sub-032_P7_ses-3,sub-032_run-01,sub-032_ses-3_run-01,sub-032_ses-3_run-01
896,896,sub-032,rDLPFC,ses-3,post fMRI,Anode,51.73970189504325,24.505349047482014,61.94838763773441,"[51.74, 24.51, 61.95]",84.3538392724362,9.386527579461962,sub-032_P7_ses-3_run-02_Anode,sub-032_P7_ses-3,sub-032_run-02,sub-032_ses-3_run-02,sub-032_ses-3_run-02
900,900,sub-032,rDLPFC,ses-4,pre fMRI,Anode,48.98687761556357,23.33530981093645,65.44096628762782,"[48.99, 23.34, 65.44]",85.01275963054016,4.973027247059888,sub-032_P7_ses-4_run-01_Anode,sub-032_P7_ses-4,sub-032_run-01,sub-032_ses-4_run-01,sub-032_ses-4_run-01
904,904,sub-032,rDLPFC,ses-4,post fMRI,Anode,48.95505253132433,21.46014384925365,66.18781335093081,"[48.96, 21.46, 66.19]",85.08072225833534,5.012803606765383,sub-032_P7_ses-4_run-02_Anode,sub-032_P7_ses-4,sub-032_run-02,sub-032_ses-4_run-02,sub-032_ses-4_run-02
908,908,sub-033,lTPC,ses-0,baseline,Anode,-76.01,-46.77,38.98,"[-76.01, -46.77, 38.98]",97.3878503715941,0.0,sub-033_P3_ses-0_baseline_Anode,sub-033_P3_ses-0,sub-033_baseline,sub-033_ses-0_baseline,sub-033_ses-0_baseline
912,912,sub-033,lTPC,ses-1,pre fMRI,Anode,-74.71406711731106,-41.34348509833217,35.94103993475437,"[-74.71, -41.34, 35.94]",92.64050571969045,6.357397266177411,sub-033_P3_ses-1_run-01_Anode,sub-033_P3_ses-1,sub-033_run-01,sub-033_ses-1_run-01,sub-033_ses-1_run-01
916,916,sub-033,lTPC,ses-1,post fMRI,Anode,-75.67283115908504,-42.375724150799215,37.64406510069966,"[-75.67, -42.38, 37.64]",94.54513683950117,4.602531911893713,sub-033_P3_ses-1_run-02_Anode,sub-033_P3_ses-1,sub-033_run-02,sub-033_ses-1_run-02,sub-033_ses-1_run-02
920,920,sub-033,lTPC,ses-2,pre fMRI,Anode,-75.70873943902552,-36.97275026049465,38.027314860373735,"[-75.71, -36.97, 38.03]",92.43952563703472,9.850507601134069,sub-033_P3_ses-2_run-01_Anode,sub-033_P3_ses-2,sub-033_run-01,sub-033_ses-2_run-01,sub-033_ses-2_run-01
924,924,sub-033,lTPC,ses-2,post fMRI,Anode,-75.64338102377951,-36.84464913513512,36.22749515250325,"[-75.64, -36.84, 36.23]",91.60353759544442,10.310397664493838,sub-033_P3_ses-2_run-02_Anode,sub-033_P3_ses-2,sub-033_run-02,sub-033_ses-2_run-02,sub-033_ses-2_run-02
928,928,sub-033,lTPC,ses-3,pre fMRI,Anode,-76.24865849502385,-36.271836349740624,28.095386885106564,"[-76.25, -36.27, 28.1]",88.98980503405994,15.122235284507378,sub-033_P3_ses-3_run-01_Anode,sub-033_P3_ses-3,sub-033_run-01,sub-033_ses-3_run-01,sub-033_ses-3_run-01
932,932,sub-033,lTPC,ses-3,post fMRI,Anode,-76.24865849502385,-36.271836349740624,28.095386885106564,"[-76.25, -36.27, 28.1]",88.98980503405994,15.122235284507378,sub-033_P3_ses-3_run-02_Anode,sub-033_P3_ses-3,sub-033_run-02,sub-033_ses-3_run-02,sub-033_ses-3_run-02
936,936,sub-033,lTPC,ses-4,pre fMRI,Anode,-75.61668652947992,-35.88010292407125,35.39146025851369,"[-75.62, -35.88, 35.39]",90.87469889908853,11.473112045125333,sub-033_P3_ses-4_run-01_Anode,sub-033_P3_ses-4,sub-033_run-01,sub-033_ses-4_run-01,sub-033_ses-4_run-01
940,940,sub-033,lTPC,ses-4,post fMRI,Anode,-75.59597674850374,-34.015061064623296,34.619300324469805,"[-75.6, -34.02, 34.62]",89.84021816536288,13.481105295931785,sub-033_P3_ses-4_run-02_Anode,sub-033_P3_ses-4,sub-033_run-02,sub-033_ses-4_run-02,sub-033_ses-4_run-02
944,944,sub-034,rDLPFC,ses-0,baseline,Anode,42.37,43.41,66.69,"[42.37, 43.41, 66.69]",90.15099056582794,0.0,sub-034_P7_ses-0_baseline_Anode,sub-034_P7_ses-0,sub-034_baseline,sub-034_ses-0_baseline,sub-034_ses-0_baseline
948,948,sub-034,rDLPFC,ses-1,pre fMRI,Anode,40.03580165281892,43.72887126728892,66.68606838583946,"[40.04, 43.73, 66.69]",89.23603868393083,2.3518715951343925,sub-034_P7_ses-1_run-01_Anode,sub-034_P7_ses-1,sub-034_run-01,sub-034_ses-1_run-01,sub-034_ses-1_run-01
952,952,sub-034,rDLPFC,ses-1,post fMRI,Anode,39.125832200050354,43.81365497224033,67.57476152479649,"[39.13, 43.81, 67.57]",89.53311063511643,3.38112407344066,sub-034_P7_ses-1_run-02_Anode,sub-034_P7_ses-1,sub-034_run-02,sub-034_ses-1_run-02,sub-034_ses-1_run-02
956,956,sub-034,rDLPFC,ses-2,pre fMRI,Anode,44.5341288112104,45.99506282992661,61.93320527672768,"[44.53, 46.0, 61.93]",89.07438352298601,5.833635230283088,sub-034_P7_ses-2_run-01_Anode,sub-034_P7_ses-2,sub-034_run-01,sub-034_ses-2_run-01,sub-034_ses-2_run-01
960,960,sub-034,rDLPFC,ses-2,post fMRI,Anode,42.75872629880905,44.268271600827575,63.02002581954002,"[42.76, 44.27, 63.02]",88.08956181069355,3.7895382304444394,sub-034_P7_ses-2_run-02_Anode,sub-034_P7_ses-2,sub-034_run-02,sub-034_ses-2_run-02,sub-034_ses-2_run-02
964,964,sub-034,rDLPFC,ses-3,pre fMRI,Anode,47.363871436566114,39.66969200596213,61.78271451592445,"[47.36, 39.67, 61.78]",87.36959940391165,7.93698935365293,sub-034_P7_ses-3_run-01_Anode,sub-034_P7_ses-3,sub-034_run-01,sub-034_ses-3_run-01,sub-034_ses-3_run-01
968,968,sub-034,rDLPFC,ses-3,post fMRI,Anode,47.37085514888168,38.87594055756927,62.78267766535282,"[47.37, 38.88, 62.78]",87.73197649660015,7.798012567314823,sub-034_P7_ses-3_run-02_Anode,sub-034_P7_ses-3,sub-034_run-02,sub-034_ses-3_run-02,sub-034_ses-3_run-02
972,972,sub-034,rDLPFC,ses-4,pre fMRI,Anode,39.1188484877348,44.6074064206332,66.57479837536812,"[39.12, 44.61, 66.57]",89.17393901807858,3.46654006179072,sub-034_P7_ses-4_run-01_Anode,sub-034_P7_ses-4,sub-034_run-01,sub-034_ses-4_run-01,sub-034_ses-4_run-01
976,976,sub-034,rDLPFC,ses-4,post fMRI,Anode,39.125832200050354,43.81365497224033,67.57476152479649,"[39.13, 43.81, 67.57]",89.53311063511643,3.38112407344066,sub-034_P7_ses-4_run-02_Anode,sub-034_P7_ses-4,sub-034_run-02,sub-034_ses-4_run-02,sub-034_ses-4_run-02
980,980,sub-035,rDLPFC,ses-0,baseline,Anode,45.54,41.42,56.28,"[45.54, 41.42, 56.28]",83.40831133646095,0.0,sub-035_P7_ses-0_baseline_Anode,sub-035_P7_ses-0,sub-035_baseline,sub-035_ses-0_baseline,sub-035_ses-0_baseline
984,984,sub-035,rDLPFC,ses-1,pre fMRI,Anode,44.89456676132977,36.81775175500661,57.27037047222257,"[44.89, 36.82, 57.27]",81.55168545162019,4.750010526304128,sub-035_P7_ses-1_run-01_Anode,sub-035_P7_ses-1,sub-035_run-01,sub-035_ses-1_run-01,sub-035_ses-1_run-01
988,988,sub-035,rDLPFC,ses-1,post fMRI,Anode,44.867373464629054,38.62195896077901,57.20610838755965,"[44.87, 38.62, 57.21]",82.3274279933486,3.0255247478743295,sub-035_P7_ses-1_run-02_Anode,sub-035_P7_ses-1,sub-035_run-02,sub-035_ses-1_run-02,sub-035_ses-1_run-02
992,992,sub-035,rDLPFC,ses-2,pre fMRI,Anode,51.15376777015626,34.04042981378734,52.74166649580002,"[51.15, 34.04, 52.74]",80.97253670226715,9.923109391717901,sub-035_P7_ses-2_run-01_Anode,sub-035_P7_ses-2,sub-035_run-01,sub-035_ses-2_run-01,sub-035_ses-2_run-01
996,996,sub-035,rDLPFC,ses-2,post fMRI,Anode,50.2995624281466,33.19008937012404,54.59431203082204,"[50.3, 33.19, 54.59]",81.3125709838276,9.656427910982407,sub-035_P7_ses-2_run-02_Anode,sub-035_P7_ses-2,sub-035_run-02,sub-035_ses-2_run-02,sub-035_ses-2_run-02
1000,1000,sub-035,rDLPFC,ses-3,pre fMRI,Anode,55.61345496214926,31.23715375456959,48.24576735123992,"[55.61, 31.24, 48.25]",79.97794821074119,16.417009471886168,sub-035_P7_ses-3_run-01_Anode,sub-035_P7_ses-3,sub-035_run-01,sub-035_ses-3_run-01,sub-035_ses-3_run-01
1004,1004,sub-035,rDLPFC,ses-3,post fMRI,Anode,55.68619982525706,28.59558316413313,50.14627255499363,"[55.69, 28.6, 50.15]",80.21445380977171,17.46286918006317,sub-035_P7_ses-3_run-02_Anode,sub-035_P7_ses-3,sub-035_run-02,sub-035_ses-3_run-02,sub-035_ses-3_run-02
1008,1008,sub-035,rDLPFC,ses-4,pre fMRI,Anode,52.22382689081133,26.031584774143997,55.72061157599092,"[52.22, 26.03, 55.72]",80.67966100573304,16.7865452073975,sub-035_P7_ses-4_run-01_Anode,sub-035_P7_ses-4,sub-035_run-01,sub-035_ses-4_run-01,sub-035_ses-4_run-01
1012,1012,sub-035,rDLPFC,ses-4,post fMRI,Anode,52.253400998190045,25.161851280368865,56.65479865670204,"[52.25, 25.16, 56.65]",81.06978845414609,17.59399329316685,sub-035_P7_ses-4_run-02_Anode,sub-035_P7_ses-4,sub-035_run-02,sub-035_ses-4_run-02,sub-035_ses-4_run-02
1016,1016,sub-036,rDLPFC,ses-0,baseline,Anode,52.68,40.76,65.86,"[52.68, 40.76, 65.86]",93.67016387302843,0.0,sub-036_P7_ses-0_baseline_Anode,sub-036_P7_ses-0,sub-036_baseline,sub-036_ses-0_baseline,sub-036_ses-0_baseline
1020,1020,sub-036,rDLPFC,ses-2,pre fMRI,Anode,55.56904657185078,29.345995891839262,67.22636451944709,"[55.57, 29.35, 67.23]",92.02891013154509,11.849772149708194,sub-036_P7_ses-2_run-01_Anode,sub-036_P7_ses-2,sub-036_run-01,sub-036_ses-2_run-01,sub-036_ses-2_run-01
1024,1024,sub-036,rDLPFC,ses-2,post fMRI,Anode,56.46664263308048,29.29108865559101,67.19021875411272,"[56.47, 29.29, 67.19]",92.52708306220401,12.152937916405232,sub-036_P7_ses-2_run-02_Anode,sub-036_P7_ses-2,sub-036_run-02,sub-036_ses-2_run-02,sub-036_ses-2_run-02
1028,1028,sub-036,rDLPFC,ses-4,pre fMRI,Anode,55.89764626696706,37.56583224236965,62.9000289272517,"[55.9, 37.57, 62.9]",92.15598135769592,5.413510875577879,sub-036_P7_ses-4_run-01_Anode,sub-036_P7_ses-4,sub-036_run-01,sub-036_ses-4_run-01,sub-036_ses-4_run-01
1032,1032,sub-036,rDLPFC,ses-4,post fMRI,Anode,56.73932037129998,36.61010951921344,62.8435754403472,"[56.74, 36.61, 62.84]",92.24199314845707,6.544195901713211,sub-036_P7_ses-4_run-02_Anode,sub-036_P7_ses-4,sub-036_run-02,sub-036_ses-4_run-02,sub-036_ses-4_run-02
1036,1036,sub-037,rDLPFC,ses-0,baseline,Anode,56.25,41.01,68.5,"[56.25, 41.01, 68.5]",97.66336365290722,0.0,sub-037_P7_ses-0_baseline_Anode,sub-037_P7_ses-0,sub-037_baseline,sub-037_ses-0_baseline,sub-037_ses-0_baseline
1040,1040,sub-037,rDLPFC,ses-1,pre fMRI,Anode,68.7515229023993,29.222256425768137,59.43408434931189,"[68.75, 29.22, 59.43]",95.45834588971255,19.429848172335266,sub-037_P7_ses-1_run-01_Anode,sub-037_P7_ses-1,sub-037_run-01,sub-037_ses-1_run-01,sub-037_ses-1_run-01
1044,1044,sub-037,rDLPFC,ses-1,post fMRI,Anode,69.62429521605372,27.40424644947052,59.37804477941245,"[69.62, 27.4, 59.38]",95.51800249167694,21.14623843618529,sub-037_P7_ses-1_run-02_Anode,sub-037_P7_ses-1,sub-037_run-02,sub-037_ses-1_run-02,sub-037_ses-1_run-02
1048,1048,sub-037,rDLPFC,ses-2,pre fMRI,Anode,63.60322154313326,35.63290960714221,61.61443824507296,"[63.6, 35.63, 61.61]",95.44762438112328,11.42098944925526,sub-037_P7_ses-2_run-01_Anode,sub-037_P7_ses-2,sub-037_run-01,sub-037_ses-2_run-01,sub-037_ses-2_run-01
1052,1052,sub-037,rDLPFC,ses-2,post fMRI,Anode,62.70635408908129,35.64561314880848,61.68837910331786,"[62.71, 35.65, 61.69]",94.91639847781836,10.809130399805529,sub-037_P7_ses-2_run-02_Anode,sub-037_P7_ses-2,sub-037_run-02,sub-037_ses-2_run-02,sub-037_ses-2_run-02
1056,1056,sub-037,rDLPFC,ses-3,pre fMRI,Anode,62.49354633316398,41.93246684968472,58.02699808310717,"[62.49, 41.93, 58.03]",95.02950015653035,12.223129713784438,sub-037_P7_ses-3_run-01_Anode,sub-037_P7_ses-3,sub-037_run-01,sub-037_ses-3_run-01,sub-037_ses-3_run-01
1060,1060,sub-037,rDLPFC,ses-3,post fMRI,Anode,63.37836621701717,41.01711009070277,57.962007869035006,"[63.38, 41.02, 57.96]",95.1789178337304,12.725116895337347,sub-037_P7_ses-3_run-02_Anode,sub-037_P7_ses-3,sub-037_run-02,sub-037_ses-3_run-02,sub-037_ses-3_run-02
1064,1064,sub-037,rDLPFC,ses-4,pre fMRI,Anode,59.60273787006736,33.04397559911013,68.3087658630684,"[59.6, 33.04, 68.31]",96.48864026402279,8.647514093657204,sub-037_P7_ses-4_run-01_Anode,sub-037_P7_ses-4,sub-037_run-01,sub-037_ses-4_run-01,sub-037_ses-4_run-01
1068,1068,sub-037,rDLPFC,ses-4,post fMRI,Anode,60.47551018372178,31.22596562281251,68.25272629316896,"[60.48, 31.23, 68.25]",96.39090102286626,10.658508338412084,sub-037_P7_ses-4_run-02_Anode,sub-037_P7_ses-4,sub-037_run-02,sub-037_ses-4_run-02,sub-037_ses-4_run-02
1072,1072,sub-038,rDLPFC,ses-0,baseline,Anode,41.4,49.73,53.59,"[41.4, 49.73, 53.59]",84.01738510570297,0.0,sub-038_P7_ses-0_baseline_Anode,sub-038_P7_ses-0,sub-038_baseline,sub-038_ses-0_baseline,sub-038_ses-0_baseline
1076,1076,sub-038,rDLPFC,ses-1,pre fMRI,Anode,35.43689575046301,45.214360132813454,60.8372138440609,"[35.44, 45.21, 60.84]",83.67462757610578,10.41702932702025,sub-038_P7_ses-1_run-01_Anode,sub-038_P7_ses-1,sub-038_run-01,sub-038_ses-1_run-01,sub-038_ses-1_run-01
1080,1080,sub-038,rDLPFC,ses-1,post fMRI,Anode,36.377640318125486,45.13598359748721,59.98055458813906,"[36.38, 45.14, 59.98]",83.41896906579463,9.332770221107978,sub-038_P7_ses-1_run-02_Anode,sub-038_P7_ses-1,sub-038_run-02,sub-038_ses-1_run-02,sub-038_ses-1_run-02
1084,1084,sub-038,rDLPFC,ses-2,pre fMRI,Anode,43.76128605753184,46.42485737428069,53.7470952346921,"[43.76, 46.42, 53.75]",83.41952109668335,4.0683288952590795,sub-038_P7_ses-2_run-01_Anode,sub-038_P7_ses-2,sub-038_run-01,sub-038_ses-2_run-01,sub-038_ses-2_run-01
1088,1088,sub-038,rDLPFC,ses-2,post fMRI,Anode,43.76128605753184,46.42485737428069,53.7470952346921,"[43.76, 46.42, 53.75]",83.41952109668335,4.0683288952590795,sub-038_P7_ses-2_run-02_Anode,sub-038_P7_ses-2,sub-038_run-02,sub-038_ses-2_run-02,sub-038_ses-2_run-02
1092,1092,sub-038,rDLPFC,ses-3,pre fMRI,Anode,44.58348320424557,50.40091270953417,49.53517113626003,"[44.58, 50.4, 49.54]",83.55685489533458,5.192667907732983,sub-038_P7_ses-3_run-01_Anode,sub-038_P7_ses-3,sub-038_run-01,sub-038_ses-3_run-01,sub-038_ses-3_run-01
1096,1096,sub-038,rDLPFC,ses-3,post fMRI,Anode,43.69878413528204,48.830778922885656,51.55557990819216,"[43.7, 48.83, 51.56]",83.38160768418896,3.1970142320609116,sub-038_P7_ses-3_run-02_Anode,sub-038_P7_ses-3,sub-038_run-02,sub-038_ses-3_run-02,sub-038_ses-3_run-02
1100,1100,sub-038,rDLPFC,ses-4,pre fMRI,Anode,43.59314956143498,51.37038834020496,50.25584668666124,"[43.59, 51.37, 50.26]",84.05374828049015,4.309825982565893,sub-038_P7_ses-4_run-01_Anode,sub-038_P7_ses-4,sub-038_run-01,sub-038_ses-4_run-01,sub-038_ses-4_run-01
1104,1104,sub-038,rDLPFC,ses-4,post fMRI,Anode,42.80762864276767,48.01805636286736,52.54822286963463,"[42.81, 48.02, 52.55]",83.06695492191827,2.4482238459748737,sub-038_P7_ses-4_run-02_Anode,sub-038_P7_ses-4,sub-038_run-02,sub-038_ses-4_run-02,sub-038_ses-4_run-02
1108,1108,sub-039,lTPC,ses-0,baseline,Anode,-72.0,-42.02,51.16,"[-72.0, -42.02, 51.16]",97.81117523064529,0.0,sub-039_P3_ses-0_baseline_Anode,sub-039_P3_ses-0,sub-039_baseline,sub-039_ses-0_baseline,sub-039_ses-0_baseline
1112,1112,sub-039,lTPC,ses-1,pre fMRI,Anode,-70.8813949227333,-35.73000202514231,49.48343153158203,"[-70.88, -35.73, 49.48]",93.53543553113974,6.60612594490902,sub-039_P3_ses-1_run-01_Anode,sub-039_P3_ses-1,sub-039_run-01,sub-039_ses-1_run-01,sub-039_ses-1_run-01
1116,1116,sub-039,lTPC,ses-1,post fMRI,Anode,-70.91274876892567,-37.535274842754006,49.48973187571392,"[-70.91, -37.54, 49.49]",94.26950620428644,4.903814841528993,sub-039_P3_ses-1_run-02_Anode,sub-039_P3_ses-1,sub-039_run-02,sub-039_ses-1_run-02,sub-039_ses-1_run-02
1120,1120,sub-039,lTPC,ses-2,pre fMRI,Anode,-70.17806743085384,-45.6774450019002,48.591968772001565,"[-70.18, -45.68, 48.59]",96.81365038051194,4.828343401209147,sub-039_P3_ses-2_run-01_Anode,sub-039_P3_ses-2,sub-039_run-01,sub-039_ses-2_run-01,sub-039_ses-2_run-01
1124,1124,sub-039,lTPC,ses-2,post fMRI,Anode,-71.18030805140734,-47.47522163577378,45.91454122960568,"[-71.18, -47.48, 45.91]",97.10134345105634,7.618825368782246,sub-039_P3_ses-2_run-02_Anode,sub-039_P3_ses-2,sub-039_run-02,sub-039_ses-2_run-02,sub-039_ses-2_run-02
1128,1128,sub-039,lTPC,ses-3,pre fMRI,Anode,-73.01181734353304,-43.84421048499644,42.33940603770316,"[-73.01, -43.84, 42.34]",95.10563232532552,9.062278962821653,sub-039_P3_ses-3_run-01_Anode,sub-039_P3_ses-3,sub-039_run-01,sub-039_ses-3_run-01,sub-039_ses-3_run-01
1132,1132,sub-039,lTPC,ses-3,post fMRI,Anode,-73.09072775393724,-45.65495645068586,40.54078511241824,"[-73.09, -45.65, 40.54]",95.23424909138518,11.276054274434827,sub-039_P3_ses-3_run-02_Anode,sub-039_P3_ses-3,sub-039_run-02,sub-039_ses-3_run-02,sub-039_ses-3_run-02
1136,1136,sub-039,lTPC,ses-4,pre fMRI,Anode,-71.10949900001287,-44.76457583531737,46.80755134811625,"[-71.11, -44.76, 46.81]",96.18350066409519,5.217489817910518,sub-039_P3_ses-4_run-01_Anode,sub-039_P3_ses-4,sub-039_run-01,sub-039_ses-4_run-01,sub-039_ses-4_run-01
1140,1140,sub-039,lTPC,ses-4,post fMRI,Anode,-71.20408633351326,-47.47795820981264,45.01208059489727,"[-71.2, -47.48, 45.01]",96.693797629424,8.262814290542897,sub-039_P3_ses-4_run-02_Anode,sub-039_P3_ses-4,sub-039_run-02,sub-039_ses-4_run-02,sub-039_ses-4_run-02
1144,1144,sub-042,rOTC,ses-0,baseline,Anode,73.55,-55.12,-12.76,"[73.55, -55.12, -12.76]",92.79350462182146,0.0,sub-042_P1_ses-0_baseline_Anode,sub-042_P1_ses-0,sub-042_baseline,sub-042_ses-0_baseline,sub-042_ses-0_baseline
1148,1148,sub-042,rOTC,ses-1,pre fMRI,Anode,74.23418574593961,-50.57904261350632,-10.504510790109634,"[74.23, -50.58, -10.5]",90.43605088680067,5.116795872418598,sub-042_P1_ses-1_run-01_Anode,sub-042_P1_ses-1,sub-042_run-01,sub-042_ses-1_run-01,sub-042_ses-1_run-01
1152,1152,sub-042,rOTC,ses-1,post fMRI,Anode,74.28794732876122,-51.54604929685593,-9.672630824148657,"[74.29, -51.55, -9.67]",90.93907575954354,4.779184030773456,sub-042_P1_ses-1_run-02_Anode,sub-042_P1_ses-1,sub-042_run-02,sub-042_ses-1_run-02,sub-042_ses-1_run-02
1156,1156,sub-042,rOTC,ses-2,pre fMRI,Anode,71.66341647878289,-58.4934016931802,-14.639708468690516,"[71.66, -58.49, -14.64]",93.6512963070987,4.296905863525525,sub-042_P1_ses-2_run-01_Anode,sub-042_P1_ses-2,sub-042_run-01,sub-042_ses-2_run-01,sub-042_ses-2_run-01
1160,1160,sub-042,rOTC,ses-2,post fMRI,Anode,71.68855052627623,-60.225888000801206,-15.675517523661256,"[71.69, -60.23, -15.68]",94.93667047037198,6.172365834912897,sub-042_P1_ses-2_run-02_Anode,sub-042_P1_ses-2,sub-042_run-02,sub-042_ses-2_run-02,sub-042_ses-2_run-02
1164,1164,sub-042,rOTC,ses-3,pre fMRI,Anode,72.42996059916914,-54.79870773479343,-15.292997647076843,"[72.43, -54.8, -15.29]",92.102817546479,2.785264798901529,sub-042_P1_ses-3_run-01_Anode,sub-042_P1_ses-3,sub-042_run-01,sub-042_ses-3_run-01,sub-042_ses-3_run-01
1168,1168,sub-042,rOTC,ses-3,post fMRI,Anode,72.37619901634753,-53.831701051443815,-16.124877613037825,"[72.38, -53.83, -16.12]",91.63180506789114,3.784521105767546,sub-042_P1_ses-3_run-02_Anode,sub-042_P1_ses-3,sub-042_run-02,sub-042_ses-3_run-02,sub-042_ses-3_run-02
1172,1172,sub-042,rOTC,ses-4,pre fMRI,Anode,73.33149092458189,-53.10520282946527,-13.382670564576983,"[73.33, -53.11, -13.38]",91.52587284478635,2.1149231664530963,sub-042_P1_ses-4_run-01_Anode,sub-042_P1_ses-4,sub-042_run-01,sub-042_ses-4_run-01,sub-042_ses-4_run-01
1176,1176,sub-042,rOTC,ses-4,post fMRI,Anode,73.33265542052686,-52.27254751883447,-12.414837872609496,"[73.33, -52.27, -12.41]",90.90351973383649,2.8798263836557867,sub-042_P1_ses-4_run-02_Anode,sub-042_P1_ses-4,sub-042_run-02,sub-042_ses-4_run-02,sub-042_ses-4_run-02
1180,1180,sub-043,rDLPFC,ses-0,baseline,Anode,56.29,17.12,57.57,"[56.29, 17.12, 57.57]",82.31624019596619,0.0,sub-043_P7_ses-0_baseline_Anode,sub-043_P7_ses-0,sub-043_baseline,sub-043_ses-0_baseline,sub-043_ses-0_baseline
1184,1184,sub-043,rDLPFC,ses-1,pre fMRI,Anode,59.78781223669648,16.850322864949703,51.04770328477025,"[59.79, 16.85, 51.05]",80.40440970494093,7.404951046428331,sub-043_P7_ses-1_run-01_Anode,sub-043_P7_ses-1,sub-043_run-01,sub-043_ses-1_run-01,sub-043_ses-1_run-01
1188,1188,sub-043,rDLPFC,ses-1,post fMRI,Anode,59.81063248869032,15.805217899382114,51.780677277594805,"[59.81, 15.81, 51.78]",80.67441106075705,6.901492592186129,sub-043_P7_ses-1_run-02_Anode,sub-043_P7_ses-1,sub-043_run-02,sub-043_ses-1_run-02,sub-043_ses-1_run-02
1192,1192,sub-043,rDLPFC,ses-2,pre fMRI,Anode,63.35336592514068,15.01111900061369,46.09044164046645,"[63.35, 15.01, 46.09]",79.7672282331535,13.641337910923545,sub-043_P7_ses-2_run-01_Anode,sub-043_P7_ses-2,sub-043_run-01,sub-043_ses-2_run-01,sub-043_ses-2_run-01
1196,1196,sub-043,rDLPFC,ses-2,post fMRI,Anode,63.376186177134514,13.9660140350461,46.823415633291006,"[63.38, 13.97, 46.82]",80.02685611718107,13.257190501761679,sub-043_P7_ses-2_run-02_Anode,sub-043_P7_ses-2,sub-043_run-02,sub-043_ses-2_run-02,sub-043_ses-2_run-02
1200,1200,sub-043,rDLPFC,ses-3,pre fMRI,Anode,61.61484923586249,13.473946005105972,49.51239974051714,"[61.61, 13.47, 49.51]",80.17775938500651,10.324170668872151,sub-043_P7_ses-3_run-01_Anode,sub-043_P7_ses-3,sub-043_run-01,sub-043_ses-3_run-01,sub-043_ses-3_run-01
1204,1204,sub-043,rDLPFC,ses-3,post fMRI,Anode,61.62763971090317,13.317958518862724,50.40150744467974,"[61.63, 13.32, 50.4]",80.72074888156081,9.714139179567074,sub-043_P7_ses-3_run-02_Anode,sub-043_P7_ses-3,sub-043_run-02,sub-043_ses-3_run-02,sub-043_ses-3_run-02
1208,1208,sub-043,rDLPFC,ses-4,pre fMRI,Anode,61.46789794694632,20.63369327783585,45.270689494907856,"[61.47, 20.63, 45.27]",79.07926845893303,13.800090579412874,sub-043_P7_ses-4_run-01_Anode,sub-043_P7_ses-4,sub-043_run-01,sub-043_ses-4_run-01,sub-043_ses-4_run-01
1212,1212,sub-043,rDLPFC,ses-4,post fMRI,Anode,61.480688421987,20.4777057915926,46.15979719907045,"[61.48, 20.48, 46.16]",79.56108596543916,12.977434261054844,sub-043_P7_ses-4_run-02_Anode,sub-043_P7_ses-4,sub-043_run-02,sub-043_ses-4_run-02,sub-043_ses-4_run-02
1216,1216,sub-044,rOTC,ses-0,baseline,Anode,78.11,-47.12,-10.8,"[78.11, -47.12, -10.8]",91.85916666288672,0.0,sub-044_P1_ses-0_baseline_Anode,sub-044_P1_ses-0,sub-044_baseline,sub-044_ses-0_baseline,sub-044_ses-0_baseline
1220,1220,sub-044,rOTC,ses-1,pre fMRI,Anode,77.3239711523056,-45.13182562589645,-16.434996443800628,"[77.32, -45.13, -16.43]",91.02221816677508,6.02337945010938,sub-044_P1_ses-1_run-01_Anode,sub-044_P1_ses-1,sub-044_run-01,sub-044_ses-1_run-01,sub-044_ses-1_run-01
1224,1224,sub-044,rOTC,ses-1,post fMRI,Anode,77.33186368644238,-44.22275608032942,-15.538588853087276,"[77.33, -44.22, -15.54]",90.42581987463537,5.6112387224212785,sub-044_P1_ses-1_run-02_Anode,sub-044_P1_ses-1,sub-044_run-02,sub-044_ses-1_run-02,sub-044_ses-1_run-02
1228,1228,sub-044,rOTC,ses-2,pre fMRI,Anode,76.95890161767602,-43.376362316310406,-22.758010372519493,"[76.96, -43.38, -22.76]",91.22874327754383,12.583787188283184,sub-044_P1_ses-2_run-01_Anode,sub-044_P1_ses-2,sub-044_run-01,sub-044_ses-2_run-01,sub-044_ses-2_run-01
1232,1232,sub-044,rOTC,ses-2,post fMRI,Anode,76.87426726147532,-43.39029026776552,-24.56152795255184,"[76.87, -43.39, -24.56]",91.6235919400675,14.310419281069299,sub-044_P1_ses-2_run-02_Anode,sub-044_P1_ses-2,sub-044_run-02,sub-044_ses-2_run-02,sub-044_ses-2_run-02
1236,1236,sub-044,rOTC,ses-3,pre fMRI,Anode,78.41527289152145,-42.34273118153215,-10.181158779654652,"[78.42, -42.34, -10.18]",89.69952285268859,4.829999999999994,sub-044_P1_ses-3_run-01_Anode,sub-044_P1_ses-3,sub-044_run-01,sub-044_ses-3_run-01,sub-044_ses-3_run-01
1240,1240,sub-044,rOTC,ses-3,post fMRI,Anode,77.50902493298054,-43.28583063185215,-11.035146102309229,"[77.51, -43.29, -11.04]",89.46343275327635,3.8841343952031293,sub-044_P1_ses-3_run-02_Anode,sub-044_P1_ses-3,sub-044_run-02,sub-044_ses-3_run-02,sub-044_ses-3_run-02
1244,1244,sub-044,rOTC,ses-4,pre fMRI,Anode,75.68359845504165,-51.52855237573385,-18.116215092595667,"[75.68, -51.53, -18.12]",93.33347577370084,8.884559640184763,sub-044_P1_ses-4_run-01_Anode,sub-044_P1_ses-4,sub-044_run-01,sub-044_ses-4_run-01,sub-044_ses-4_run-01
1248,1248,sub-044,rOTC,ses-4,post fMRI,Anode,75.79476492106915,-53.32579953968525,-17.203753903973848,"[75.79, -53.33, -17.2]",94.25525449543913,9.214472312617797,sub-044_P1_ses-4_run-02_Anode,sub-044_P1_ses-4,sub-044_run-02,sub-044_ses-4_run-02,sub-044_ses-4_run-02
1252,1252,sub-046,rDLPFC,ses-0,baseline,Anode,56.84,18.39,63.74,"[56.84, 18.39, 63.74]",87.35997538919068,0.0,sub-046_P7_ses-0_baseline_Anode,sub-046_P7_ses-0,sub-046_baseline,sub-046_ses-0_baseline,sub-046_ses-0_baseline
1256,1256,sub-046,rDLPFC,ses-1,pre fMRI,Anode,55.27951171994209,10.546828284859656,67.21463292837143,"[55.28, 10.55, 67.21]",87.66050992322597,8.714361709270504,sub-046_P7_ses-1_run-01_Anode,sub-046_P7_ses-1,sub-046_run-01,sub-046_ses-1_run-01,sub-046_ses-1_run-01
1260,1260,sub-046,rDLPFC,ses-1,post fMRI,Anode,53.56823819503188,8.346243686974049,69.67716667056084,"[53.57, 8.35, 69.68]",88.2879935212031,12.11520119519276,sub-046_P7_ses-1_run-02_Anode,sub-046_P7_ses-1,sub-046_run-02,sub-046_ses-1_run-02,sub-046_ses-1_run-02
1264,1264,sub-046,rDLPFC,ses-2,pre fMRI,Anode,64.57787224650383,18.319559812545776,42.27928483486176,"[64.58, 18.32, 42.28]",79.33345574220249,22.81324396047173,sub-046_P7_ses-2_run-01_Anode,sub-046_P7_ses-2,sub-046_run-01,sub-046_ses-2_run-01,sub-046_ses-2_run-01
1268,1268,sub-046,rDLPFC,ses-2,post fMRI,Anode,64.61355921253562,20.259025007486343,41.72049969434738,"[64.61, 20.26, 41.72]",79.53287433508234,23.425417819112642,sub-046_P7_ses-2_run-02_Anode,sub-046_P7_ses-2,sub-046_run-02,sub-046_ses-2_run-02,sub-046_ses-2_run-02
1272,1272,sub-046,rDLPFC,ses-3,pre fMRI,Anode,62.46542290970683,12.719187621027231,53.335498705506325,"[62.47, 12.72, 53.34]",83.12313095643114,13.115098169666894,sub-046_P7_ses-3_run-01_Anode,sub-046_P7_ses-3,sub-046_run-01,sub-046_ses-3_run-01,sub-046_ses-3_run-01
1276,1276,sub-046,rDLPFC,ses-3,post fMRI,Anode,61.56859157606959,12.754848256707191,53.40199542045593,"[61.57, 12.75, 53.4]",82.49234752387642,12.69244263331531,sub-046_P7_ses-3_run-02_Anode,sub-046_P7_ses-3,sub-046_run-02,sub-046_ses-3_run-02,sub-046_ses-3_run-02
1280,1280,sub-046,rDLPFC,ses-4,pre fMRI,Anode,60.05844363570213,13.04791060835123,57.23979541659355,"[60.06, 13.05, 57.24]",83.98764016210957,9.007441368113366,sub-046_P7_ses-4_run-01_Anode,sub-046_P7_ses-4,sub-046_run-01,sub-046_ses-4_run-01,sub-046_ses-4_run-01
1284,1284,sub-046,rDLPFC,ses-4,post fMRI,Anode,61.75738128274679,11.203344479203224,56.7802095413208,"[61.76, 11.2, 56.78]",84.63867910122416,11.150968567797149,sub-046_P7_ses-4_run-02_Anode,sub-046_P7_ses-4,sub-046_run-02,sub-046_ses-4_run-02,sub-046_ses-4_run-02
1288,1288,sub-047,lTPC,ses-0,baseline,Anode,-76.67,-64.98,35.73,"[-76.67, -64.98, 35.73]",106.6645311244558,0.0,sub-047_P3_ses-0_baseline_Anode,sub-047_P3_ses-0,sub-047_baseline,sub-047_ses-0_baseline,sub-047_ses-0_baseline
1292,1292,sub-047,lTPC,ses-1,pre fMRI,Anode,-79.23416103422642,-57.878254532814026,24.811343029141423,"[-79.23, -57.88, 24.81]",101.20782282017532,13.274411474713295,sub-047_P3_ses-1_run-01_Anode,sub-047_P3_ses-1,sub-047_run-01,sub-047_ses-1_run-01,sub-047_ses-1_run-01
1296,1296,sub-047,lTPC,ses-1,post fMRI,Anode,-79.23416103422642,-57.878254532814026,24.811343029141423,"[-79.23, -57.88, 24.81]",101.20782282017532,13.274411474713295,sub-047_P3_ses-1_run-02_Anode,sub-047_P3_ses-1,sub-047_run-02,sub-047_ses-1_run-02,sub-047_ses-1_run-02
1300,1300,sub-047,lTPC,ses-2,pre fMRI,Anode,-75.36963710561395,-58.54159170389176,35.68363035470247,"[-75.37, -58.54, 35.68]",101.8853811888634,6.570091323566215,sub-047_P3_ses-2_run-01_Anode,sub-047_P3_ses-2,sub-047_run-01,sub-047_ses-2_run-01,sub-047_ses-2_run-01
1304,1304,sub-047,lTPC,ses-2,post fMRI,Anode,-74.61617501452565,-60.37375693023205,35.302188804373145,"[-74.62, -60.37, 35.3]",102.26813433323207,5.0635461881965735,sub-047_P3_ses-2_run-02_Anode,sub-047_P3_ses-2,sub-047_run-02,sub-047_ses-2_run-02,sub-047_ses-2_run-02
1308,1308,sub-047,lTPC,ses-3,pre fMRI,Anode,-71.53382443450391,-74.79498812556267,23.12267556414008,"[-71.53, -74.79, 23.12]",106.04064975281885,16.782961598001705,sub-047_P3_ses-3_run-01_Anode,sub-047_P3_ses-3,sub-047_run-01,sub-047_ses-3_run-01,sub-047_ses-3_run-01
1312,1312,sub-047,lTPC,ses-3,post fMRI,Anode,-72.45300221443176,-74.36774156987667,21.37836907617748,"[-72.45, -74.37, 21.38]",106.00473479991355,17.660775747401356,sub-047_P3_ses-3_run-02_Anode,sub-047_P3_ses-3,sub-047_run-02,sub-047_ses-3_run-02,sub-047_ses-3_run-02
1316,1316,sub-047,lTPC,ses-4,pre fMRI,Anode,-79.7036930564791,-60.49237716197968,15.073689594864843,"[-79.7, -60.49, 15.07]",101.18416378070236,21.35829113014428,sub-047_P3_ses-4_run-01_Anode,sub-047_P3_ses-4,sub-047_run-01,sub-047_ses-4_run-01,sub-047_ses-4_run-01
1320,1320,sub-047,lTPC,ses-4,post fMRI,Anode,-79.63188377209008,-59.61028301715851,15.25190694630146,"[-79.63, -59.61, 15.25]",100.63225874440064,21.37823425823564,sub-047_P3_ses-4_run-02_Anode,sub-047_P3_ses-4,sub-047_run-02,sub-047_ses-4_run-02,sub-047_ses-4_run-02
1356,1356,sub-049,lTPC,ses-0,baseline,Anode,-70.3,-52.93,50.53,"[-70.3, -52.93, 50.53]",101.4739168456604,0.0,sub-049_P3_ses-0_baseline_Anode,sub-049_P3_ses-0,sub-049_baseline,sub-049_ses-0_baseline,sub-049_ses-0_baseline
1360,1360,sub-049,lTPC,ses-1,pre fMRI,Anode,-68.46143243275583,-46.85187227837741,54.129319658270106,"[-68.46, -46.85, 54.13]",99.05428309770356,7.301506693826966,sub-049_P3_ses-1_run-01_Anode,sub-049_P3_ses-1,sub-049_run-01,sub-049_ses-1_run-01,sub-049_ses-1_run-01
1364,1364,sub-049,lTPC,ses-1,post fMRI,Anode,-68.49959971942008,-48.65009756200016,54.287311589112505,"[-68.5, -48.65, 54.29]",100.0323777584038,5.974612958175616,sub-049_P3_ses-1_run-02_Anode,sub-049_P3_ses-1,sub-049_run-02,sub-049_ses-1_run-02,sub-049_ses-1_run-02
1368,1368,sub-049,lTPC,ses-2,pre fMRI,Anode,-69.40965375863016,-48.28413885831833,47.91563268005848,"[-69.41, -48.28, 47.92]",97.18555911245251,5.406172398286979,sub-049_P3_ses-2_run-01_Anode,sub-049_P3_ses-2,sub-049_run-01,sub-049_ses-2_run-01,sub-049_ses-2_run-01
1372,1372,sub-049,lTPC,ses-2,post fMRI,Anode,-69.4478210452944,-50.08236414194107,48.07362461090088,"[-69.45, -50.08, 48.07]",98.19385826007654,3.8596113794007816,sub-049_P3_ses-2_run-02_Anode,sub-049_P3_ses-2,sub-049_run-02,sub-049_ses-2_run-02,sub-049_ses-2_run-02
1376,1376,sub-049,lTPC,ses-3,pre fMRI,Anode,-69.4138463884592,-48.363063365221024,47.016320899128914,"[-69.41, -48.36, 47.02]",96.78490636457732,5.830703216594032,sub-049_P3_ses-3_run-01_Anode,sub-049_P3_ses-3,sub-049_run-01,sub-049_ses-3_run-01,sub-049_ses-3_run-01
1380,1380,sub-049,lTPC,ses-3,post fMRI,Anode,-69.45201367512345,-50.161288648843765,47.17431282997131,"[-69.45, -50.16, 47.17]",97.79742839154821,4.436778110295804,sub-049_P3_ses-3_run-02_Anode,sub-049_P3_ses-3,sub-049_run-02,sub-049_ses-3_run-02,sub-049_ses-3_run-02
1384,1384,sub-049,lTPC,ses-4,pre fMRI,Anode,-69.48324158973992,-50.20927008986473,36.30357549339533,"[-69.48, -50.21, 36.3]",93.09245135885078,14.510813209465557,sub-049_P3_ses-4_run-01_Anode,sub-049_P3_ses-4,sub-049_run-01,sub-049_ses-4_run-01,sub-049_ses-4_run-01
1388,1388,sub-049,lTPC,ses-4,post fMRI,Anode,-70.34067094698548,-48.312802689149976,37.04739486635663,"[-70.34, -48.31, 37.05]",93.02835159240435,14.249785963304856,sub-049_P3_ses-4_run-02_Anode,sub-049_P3_ses-4,sub-049_run-02,sub-049_ses-4_run-02,sub-049_ses-4_run-02
1392,1392,sub-052,lTPC,ses-0,baseline,Anode,-69.24,-38.7,45.19,"[-69.24, -38.7, 45.19]",91.29076459313943,0.0,sub-052_P3_ses-0_baseline_Anode,sub-052_P3_ses-0,sub-052_baseline,sub-052_ses-0_baseline,sub-052_ses-0_baseline
1396,1396,sub-052,lTPC,ses-2,pre fMRI,Anode,-67.9038410000503,-40.7822306137532,39.34195639565587,"[-67.9, -40.78, 39.34]",88.43672314146427,6.351732047245058,sub-052_P3_ses-2_run-01_Anode,sub-052_P3_ses-2,sub-052_run-01,sub-052_ses-2_run-01,sub-052_ses-2_run-01
1400,1400,sub-052,lTPC,ses-2,post fMRI,Anode,-67.8821097817272,-40.721694836393,40.24244036152959,"[-67.88, -40.72, 40.24]",88.79791889453266,5.516565960812935,sub-052_P3_ses-2_run-02_Anode,sub-052_P3_ses-2,sub-052_run-02,sub-052_ses-2_run-02,sub-052_ses-2_run-02
1404,1404,sub-052,lTPC,ses-3,pre fMRI,Anode,-68.53420349676162,-32.296916518360376,44.21720469370484,"[-68.53, -32.3, 44.22]",87.7214871054977,6.511912161569754,sub-052_P3_ses-3_run-01_Anode,sub-052_P3_ses-3,sub-052_run-01,sub-052_ses-3_run-01,sub-052_ses-3_run-01
1408,1408,sub-052,lTPC,ses-3,post fMRI,Anode,-68.5187748465687,-31.39632812514901,44.15628959238529,"[-68.52, -31.4, 44.16]",87.35591565543801,7.407381453658241,sub-052_P3_ses-3_run-02_Anode,sub-052_P3_ses-3,sub-052_run-02,sub-052_ses-3_run-02,sub-052_ses-3_run-02
1412,1412,sub-052,lTPC,ses-4,pre fMRI,Anode,-66.68174412101507,-36.470251604914665,49.88352316617966,"[-66.68, -36.47, 49.88]",90.90818280000981,5.78987046487225,sub-052_P3_ses-4_run-01_Anode,sub-052_P3_ses-4,sub-052_run-01,sub-052_ses-4_run-01,sub-052_ses-4_run-01
1416,1416,sub-052,lTPC,ses-4,post fMRI,Anode,-66.67544155288488,-37.31030422076583,50.84492223337293,"[-66.68, -37.31, 50.84]",91.77670782938338,6.356744449795037,sub-052_P3_ses-4_run-02_Anode,sub-052_P3_ses-4,sub-052_run-02,sub-052_ses-4_run-02,sub-052_ses-4_run-02
1484,1484,sub-056,rOTC,ses-0,baseline,Anode,78.53,-51.37,4.66,"[78.53, -51.37, 4.66]",93.95506053427884,0.0,sub-056_P1_ses-0_baseline_Anode,sub-056_P1_ses-0,sub-056_baseline,sub-056_ses-0_baseline,sub-056_ses-0_baseline
1488,1488,sub-056,rOTC,ses-1,pre fMRI,Anode,76.91298234742135,-51.80455433763564,-4.586519403383136,"[76.91, -51.8, -4.59]",92.84102649152474,9.400627638620733,sub-056_P1_ses-1_run-01_Anode,sub-056_P1_ses-1,sub-056_run-01,sub-056_ses-1_run-01,sub-056_ses-1_run-01
1492,1492,sub-056,rOTC,ses-1,post fMRI,Anode,76.05906535778195,-53.58172047883272,-5.58529232814908,"[76.06, -53.58, -5.59]",93.20508623460417,10.772534520715169,sub-056_P1_ses-1_run-02_Anode,sub-056_P1_ses-1,sub-056_run-02,sub-056_ses-1_run-02,sub-056_ses-1_run-02
1496,1496,sub-056,rOTC,ses-2,pre fMRI,Anode,76.77188458386809,-50.234963024035096,0.9013585243374108,"[76.77, -50.23, 0.9]",91.74691166464406,4.305206150697086,sub-056_P1_ses-2_run-01_Anode,sub-056_P1_ses-2,sub-056_run-01,sub-056_ses-2_run-01,sub-056_ses-2_run-01
1500,1500,sub-056,rOTC,ses-2,post fMRI,Anode,76.78524507023394,-51.136810505762696,0.8626186829060316,"[76.79, -51.14, 0.86]",92.2645289371815,4.185749634175458,sub-056_P1_ses-2_run-02_Anode,sub-056_P1_ses-2,sub-056_run-02,sub-056_ses-2_run-02,sub-056_ses-2_run-02
1504,1504,sub-056,rOTC,ses-3,pre fMRI,Anode,76.78524507023394,-51.136810505762696,0.8626186829060316,"[76.79, -51.14, 0.86]",92.2645289371815,4.185749634175458,sub-056_P1_ses-3_run-01_Anode,sub-056_P1_ses-3,sub-056_run-01,sub-056_ses-3_run-01,sub-056_ses-3_run-01
1508,1508,sub-056,rOTC,ses-3,post fMRI,Anode,76.73946129903197,-49.37213281728327,1.8418314065784216,"[76.74, -49.37, 1.84]",91.2677933336837,3.8931349835319127,sub-056_P1_ses-3_run-02_Anode,sub-056_P1_ses-3,sub-056_run-02,sub-056_ses-3_run-02,sub-056_ses-3_run-02
1512,1512,sub-056,rOTC,ses-4,pre fMRI,Anode,77.44853407517076,-49.74981711432338,10.87872201576829,"[77.45, -49.75, 10.88]",92.69271492409746,6.51760692278999,sub-056_P1_ses-4_run-01_Anode,sub-056_P1_ses-4,sub-056_run-01,sub-056_ses-4_run-01,sub-056_ses-4_run-01
1516,1516,sub-056,rOTC,ses-4,post fMRI,Anode,77.40470616612583,-50.76871642097831,13.545181296765804,"[77.4, -50.77, 13.55]",93.55188613812123,8.98159228644899,sub-056_P1_ses-4_run-02_Anode,sub-056_P1_ses-4,sub-056_run-02,sub-056_ses-4_run-02,sub-056_ses-4_run-02
1520,1520,sub-058,rDLPFC,ses-0,baseline,Anode,46.49,35.08,64.6,"[46.49, 35.08, 64.6]",86.97750571268412,0.0,sub-058_P7_ses-0_baseline_Anode,sub-058_P7_ses-0,sub-058_baseline,sub-058_ses-0_baseline,sub-058_ses-0_baseline
1524,1524,sub-058,rDLPFC,ses-1,pre fMRI,Anode,44.78582003572956,29.098390797618777,68.32317091990262,"[44.79, 29.1, 68.32]",86.72125748627035,7.2449154584439395,sub-058_P7_ses-1_run-01_Anode,sub-058_P7_ses-1,sub-058_run-01,sub-058_ses-1_run-01,sub-058_ses-1_run-01
1528,1528,sub-058,rDLPFC,ses-1,post fMRI,Anode,45.709663938265294,26.404269912280142,68.50564906932414,"[45.71, 26.4, 68.51]",86.4869018984956,9.55190556904747,sub-058_P7_ses-1_run-02_Anode,sub-058_P7_ses-1,sub-058_run-02,sub-058_ses-1_run-02,sub-058_ses-1_run-02
1532,1532,sub-058,rDLPFC,ses-2,pre fMRI,Anode,51.04980305675417,29.494406070560217,60.13010361045599,"[51.05, 29.49, 60.13]",84.21032893891342,8.486612987523342,sub-058_P7_ses-2_run-01_Anode,sub-058_P7_ses-2,sub-058_run-01,sub-058_ses-2_run-01,sub-058_ses-2_run-01
1536,1536,sub-058,rDLPFC,ses-2,post fMRI,Anode,50.1688521145843,27.74754107138142,61.15841722022742,"[50.17, 27.75, 61.16]",83.83100261836309,8.894093545718977,sub-058_P7_ses-2_run-02_Anode,sub-058_P7_ses-2,sub-058_run-02,sub-058_ses-2_run-02,sub-058_ses-2_run-02
1540,1540,sub-058,rDLPFC,ses-3,pre fMRI,Anode,45.57172727165744,39.54104729089886,62.17136252112687,"[45.57, 39.54, 62.17]",86.63224226579847,5.161676084374142,sub-058_P7_ses-3_run-01_Anode,sub-058_P7_ses-3,sub-058_run-01,sub-058_ses-3_run-01,sub-058_ses-3_run-01
1544,1544,sub-058,rDLPFC,ses-3,post fMRI,Anode,46.48143791081384,37.623415417503566,60.49053555633873,"[46.48, 37.62, 60.49]",85.05700970525592,4.831542196855982,sub-058_P7_ses-3_run-02_Anode,sub-058_P7_ses-3,sub-058_run-02,sub-058_ses-3_run-02,sub-058_ses-3_run-02
1548,1548,sub-058,rDLPFC,ses-4,pre fMRI,Anode,51.03875572187826,30.332955174148083,59.16743558645248,"[51.04, 30.33, 59.17]",83.82171198442562,8.529355192510153,sub-058_P7_ses-4_run-01_Anode,sub-058_P7_ses-4,sub-058_run-01,sub-058_ses-4_run-01,sub-058_ses-4_run-01
1552,1552,sub-058,rDLPFC,ses-4,post fMRI,Anode,51.04980305675417,29.494406070560217,60.13010361045599,"[51.05, 29.49, 60.13]",84.21032893891342,8.486612987523342,sub-058_P7_ses-4_run-02_Anode,sub-058_P7_ses-4,sub-058_run-02,sub-058_ses-4_run-02,sub-058_ses-4_run-02
1588,1588,sub-060,rDLPFC,ses-0,baseline,Anode,50.72,34.89,64.65,"[50.72, 34.89, 64.65]",89.27179285754264,0.0,sub-060_P7_ses-0_baseline_Anode,sub-060_P7_ses-0,sub-060_baseline,sub-060_ses-0_baseline,sub-060_ses-0_baseline
1592,1592,sub-060,rDLPFC,ses-1,pre fMRI,Anode,56.13541452586651,29.195760273374617,58.8945983145386,"[56.14, 29.2, 58.89]",86.4428811412484,9.743207890628225,sub-060_P7_ses-1_run-01_Anode,sub-060_P7_ses-1,sub-060_run-01,sub-060_ses-1_run-01,sub-060_ses-1_run-01
1596,1596,sub-060,rDLPFC,ses-1,post fMRI,Anode,55.25259573943913,29.126851281151172,59.8115992359817,"[55.25, 29.13, 59.81]",86.4774855092353,8.782032794290856,sub-060_P7_ses-1_run-02_Anode,sub-060_P7_ses-1,sub-060_run-02,sub-060_ses-1_run-02,sub-060_ses-1_run-02
1600,1600,sub-060,rDLPFC,ses-2,pre fMRI,Anode,57.01975098066032,24.535720217972997,60.29002373665571,"[57.02, 24.54, 60.29]",86.53540373742992,12.877193017113635,sub-060_P7_ses-2_run-01_Anode,sub-060_P7_ses-2,sub-060_run-01,sub-060_ses-2_run-01,sub-060_ses-2_run-01
1604,1604,sub-060,rDLPFC,ses-2,post fMRI,Anode,57.01696437969804,22.65959530696273,61.0351333245635,"[57.02, 22.66, 61.04]",86.54846965718112,14.22304468108007,sub-060_P7_ses-2_run-02_Anode,sub-060_P7_ses-2,sub-060_run-02,sub-060_ses-2_run-02,sub-060_ses-2_run-02
1608,1608,sub-060,rDLPFC,ses-3,pre fMRI,Anode,53.49962223879993,31.76458389312029,60.97758907079697,"[53.5, 31.76, 60.98]",87.1177823409205,5.56724348308928,sub-060_P7_ses-3_run-01_Anode,sub-060_P7_ses-3,sub-060_run-01,sub-060_ses-3_run-01,sub-060_ses-3_run-01
1612,1612,sub-060,rDLPFC,ses-3,post fMRI,Anode,52.640862664207816,30.64170213509351,63.61610190756619,"[52.64, 30.64, 63.62]",88.07544266139115,4.775960636353698,sub-060_P7_ses-3_run-02_Anode,sub-060_P7_ses-3,sub-060_run-02,sub-060_ses-3_run-02,sub-060_ses-3_run-02
1616,1616,sub-060,rDLPFC,ses-4,pre fMRI,Anode,54.38826296292245,24.251719701103863,63.94033124856651,"[54.39, 24.25, 63.94]",87.37653117399431,11.27752632450929,sub-060_P7_ses-4_run-01_Anode,sub-060_P7_ses-4,sub-060_run-01,sub-060_ses-4_run-01,sub-060_ses-4_run-01
1620,1620,sub-060,rDLPFC,ses-4,post fMRI,Anode,53.51253504678607,23.20611148327589,65.67953933775425,"[53.51, 23.21, 65.68]",87.8401195354378,12.05269264521418,sub-060_P7_ses-4_run-02_Anode,sub-060_P7_ses-4,sub-060_run-02,sub-060_ses-4_run-02,sub-060_ses-4_run-02
1624,1624,sub-062,lTPC,ses-0,baseline,Anode,-70.26,-46.13,36.04,"[-70.26, -46.13, 36.04]",91.45122251779907,0.0,sub-062_P3_ses-0_baseline_Anode,sub-062_P3_ses-0,sub-062_baseline,sub-062_ses-0_baseline,sub-062_ses-0_baseline
1628,1628,sub-062,lTPC,ses-1,pre fMRI,Anode,-69.58472523279488,-45.01807088684291,30.220482474192977,"[-69.58, -45.02, 30.22]",88.21238688528953,5.963799124719076,sub-062_P3_ses-1_run-01_Anode,sub-062_P3_ses-1,sub-062_run-01,sub-062_ses-1_run-01,sub-062_ses-1_run-01
1632,1632,sub-062,lTPC,ses-1,post fMRI,Anode,-69.54663593694568,-46.78897973429412,32.05963888578117,"[-69.55, -46.79, 32.06]",89.74603166714392,4.096352035653183,sub-062_P3_ses-1_run-02_Anode,sub-062_P3_ses-1,sub-062_run-02,sub-062_ses-1_run-02,sub-062_ses-1_run-02
1636,1636,sub-062,lTPC,ses-2,pre fMRI,Anode,-69.61609712056816,-49.66784096788615,23.085050942376256,"[-69.62, -49.67, 23.09]",88.58443091198363,13.4403757387954,sub-062_P3_ses-2_run-01_Anode,sub-062_P3_ses-2,sub-062_run-01,sub-062_ses-2_run-01,sub-062_ses-2_run-01
1640,1640,sub-062,lTPC,ses-2,post fMRI,Anode,-69.64444832969457,-47.879816892556846,22.14845780469477,"[-69.64, -47.88, 22.15]",87.36616335859095,14.013529177191591,sub-062_P3_ses-2_run-02_Anode,sub-062_P3_ses-2,sub-062_run-02,sub-062_ses-2_run-02,sub-062_ses-2_run-02
1644,1644,sub-062,lTPC,ses-3,pre fMRI,Anode,-68.6530219791457,-39.43952318280935,38.23158057406545,"[-68.65, -39.44, 38.23]",87.91967356627299,7.221101024082135,sub-062_P3_ses-3_run-01_Anode,sub-062_P3_ses-3,sub-062_run-01,sub-062_ses-3_run-01,sub-062_ses-3_run-01
1648,1648,sub-062,lTPC,ses-3,post fMRI,Anode,-68.6437154179439,-40.34209283441305,38.24859550595284,"[-68.64, -40.34, 38.25]",88.32795537087904,6.4056693639306745,sub-062_P3_ses-3_run-02_Anode,sub-062_P3_ses-3,sub-062_run-02,sub-062_ses-3_run-02,sub-062_ses-3_run-02
1652,1652,sub-062,lTPC,ses-4,pre fMRI,Anode,-71.52757553569973,-38.8551906356588,22.90063530765474,"[-71.53, -38.86, 22.9]",84.56388413501357,15.070680143908572,sub-062_P3_ses-4_run-01_Anode,sub-062_P3_ses-4,sub-062_run-01,sub-062_ses-4_run-01,sub-062_ses-4_run-01
1656,1656,sub-062,lTPC,ses-4,post fMRI,Anode,-71.5089624132961,-40.6603299388662,22.934665171429515,"[-71.51, -40.66, 22.93]",85.39731026209198,14.2602769959072,sub-062_P3_ses-4_run-02_Anode,sub-062_P3_ses-4,sub-062_run-02,sub-062_ses-4_run-02,sub-062_ses-4_run-02
1676,1676,sub-069,rDLPFC,ses-0,baseline,Anode,40.52,27.79,72.0,"[40.52, 27.79, 72.0]",87.16739355974802,0.0,sub-069_P7_ses-0_baseline_Anode,sub-069_P7_ses-0,sub-069_baseline,sub-069_ses-0_baseline,sub-069_ses-0_baseline
1680,1680,sub-070,rDLPFC,ses-0,baseline,Anode,55.74,21.62,54.54,"[55.74, 21.62, 54.54]",80.92579069740376,0.0,sub-070_P7_ses-0_baseline_Anode,sub-070_P7_ses-0,sub-070_baseline,sub-070_ses-0_baseline,sub-070_ses-0_baseline
1684,1684,sub-078,rDLPFC,ses-0,baseline,Anode,46.74,26.95,67.94,"[46.74, 26.95, 67.94]",86.75698069896163,0.0,sub-078_P7_ses-0_baseline_Anode,sub-078_P7_ses-0,sub-078_baseline,sub-078_ses-0_baseline,sub-078_ses-0_baseline
